Code,Supplier_Name,Country,Contact_First_Name,Contact_Last_Name,Contact_Email,Contact_Phone,Postal_Address,Notes
ABLETT,ABLETT QUARRY MANAGEMENT LTD,New Zealand,,,grant.ablett@yahoo.co.nz,03 3442922,RD6 RD6 Christchurch 7676    ,
ABOUTI,About Irrigation,New Zealand,Steve,,,027 4898886,Mount Pleasant Mount Pleasant   Christchurch  8081,
ABOUTT,ABOUT TREES LIMITED,New Zealand,,,stephenmurchison1@gmail.com,03 3374926,Christchurch 8022 Christchurch 8022     ,
ACADEM,Academy Hire 2011 Ltd,New Zealand,,,academyhire@xtra.co.nz,03 3477473,Rolleston Rolleston   Rolleston  7677,http://www.academyhire.co.nz
ACANDJ,AC and JS Bremner,New Zealand,Andy or Julia,Bremner,,64 27 7070003,    Oxford Canterbury 7430,
ACCESS,Accessman Christchurch Ltd,New Zealand,,,accounts@accessman.co.nz,03 3413571,Sockburn Sockburn   Christchurch  8443,http://www.accessman.co.nz
ACCIDE,ACCIDENT COMPENSATION CORPORATION,New Zealand,,,business@acc.co.nz,0800 222 776,      ,
ACTION,Action Powder Coating 2015 Ltd,New Zealand,,,info@actionpowdercoating.co.nz,03 349 0498,Templeton Templeton   Christchurch  8445,
ACTION1,Action Security and Access Ltd,New Zealand,,,admin@actionsecurity.co.nz,03 384 0995,Northwood Northwood   Christchurch  8548,
ADVANC,Advanced Engineering Group,New Zealand,,,accounts@advanced.eng.co.nz,03 3849595,Woolston Woolston   Christchurch  8241,
ADVANC1,ADVANCED MAINTENANCE (CHCH) LTD,New Zealand,,,amchch@hotmail.co.nz,027 4375 623,    Christchurch  8140,
ADVANC2,Advancequip,New Zealand,,,admin@advancequip.co.nz,(03) 203-9110,Gore Gore   Gore  9740,
AERONZ,Aero NZ Ltd,New Zealand,,,jasmine@aero.net.nz,03 3181211,Sockburn Sockburn   Christchurch Canterbury ,http://www.aero.net.nz
AFFORD,Affordable Fences and Landscapes Limited,New Zealand,,,,027 2212708,Belfast Belfast   Christchurch  8051,
AFOODD,A Food Distributors Limited,New Zealand,Alistair,Hay,a.mchilledfoods@gmail.com,027 568 5137,Marshland Marshland   Christchurch  8083,
AGRICU,Agriculture Services Ltd,New Zealand,,,,64 6 3503947,    Palmerston North  4440,http://www.agservices.co.nz
AIMACE,AIMAC Electronics Ltd,New Zealand,,,accounts@aimac.co.nz,027 4242661,Spreydon Spreydon   Christchurch  8024,http://www.aimac.co.nz
AIRLIQ,Air Liquide NZ Ltd,New Zealand,,,bethany.lazenby-sc@airliquide.com,0800 838 838,Penrose Penrose   Auckland  1642,
ALANJK,ALAN J KERR,New Zealand,,,alancarolee@xtra.co.nz,03 2368998,    WINTON  9720,
ALLIED,Allied Concrete Limited,New Zealand,,,,03 3078019,    Ashburton  7740,
ALLWOO,ALLWOOD TREES LTD,New Zealand,,,,349 9240,Christchurch Christchurch 8025    ,
ALPHAE,ALPHA EQUIPMENT,New Zealand,,,accounts@alphaequipment.co.nz,03 9612246,Hornby Hornby Christchurch    ,
ALSCON,ALSCO NORTH CANTERBURY,New Zealand,,,admin.christchurch@alsco.co.nz,0800 425726,Christchurch Christchurch   Deliveries are every 2nd Wednesday  ,
ANDREW,Andrews of Canterbury Contracting Ltd,New Zealand,,,,278993556,Rangiora Rangiora   Rangiora  7400,
ANTHON,Anthony Harper,New Zealand,Karen,Kemp,karen.kemp@ah.co.nz,09 920-6466,Shortland Street Shortland Street   Auckland  1140,
AORANG,Aorangi Debt Collection,New Zealand,,,creditguard@xtra.co.nz,03 3439988,Tower Junction Tower Junction   Christchurch  8149,
APPLET,APPLETONS TREE NURSERY LTD,New Zealand,,,info@appletons.co.nz,(03) 541 8309,RD 1 Wakefield RD 1 Wakefield Nelson 7095   ,
ARCADI,Arcadia Plants Ltd,New Zealand,,,,342 5412,R D 6     Yaldhurst R D 6     Yaldhurst CHRISTCHURCH    ,
ASHBYS,Ashby's Ready Mixed (AML Ltd),New Zealand,,,amladmin@hwr.co.nz,359-7084,Invercargill Invercargill   Invercargill  9840,
ASMUSS,Asmuss South Island (HJ Asmuss & Co Ltd),New Zealand,,,admin@asmuss.co.nz,03 347-1568,Rolleston West Rolleston West     7658,
ATMORE,Atmore Associates Limited ** 7 DAYS **,New Zealand,Karen,Miles,,03 281 3519,Rangitata Rangitata   Rangitata  7992,
AUTOMO,AUTOMOTIVE BRANDS LTD (FAAST FITT),,,,office@automotivebrands.co.nz,379 1532,Christchurch Christchurch 8540    ,
AUTOTR,Auto Transmissions Ltd,,,,office@autotransmissions.co.nz,3793692,Phillipstown Phillipstown   Christchurch  8011,
AVERYB,Avery Brothers Ltd **7 DAYS**,New Zealand,Brent,,averybrothers@xtra.co.nz,03 789-8526,Westport Westport   Westport  7866,
AWAGAR,Awa Gardens Limited,,,,info@awanursery.co.nz,(09) 411 8712,Waimauku Waimauku 842    ,
BAIERG,BAIER GROUP LTD,,,,jeremy@baiergroup.co.nz,359 8849,Northwood Northwood Christchurch 8548    ,
BANKFE,Bank Fees,,Internal use only,,,,      ,
BANKSP,BANKS PENINSULA TRANSPORT (2006) LTD,,,,,325 1024,Little River Little River     ,
BARTER,BARTERCARD (DD),,,,,94146621,61 Constellation Drive 61 Constellation Drive Albany; Auckland 0632    ,
BEATTI,BEATTIE AIR CONDITIONING SERVC,,,,receivables@beattiegroup.co.nz,379 4832,Christchurch Christchurch     ,
BEVANG,BEVAN G SMITH,,,,,365 1071,Christchurch Christchurch 8145    ,
BILLST,Bill Stephens Truck Refinishing Limited,New Zealand,,,,,Hornby Hornby   Christchurch  8042,
BIOFOR,Bioforce Limited,New Zealand,,,,,Drury Drury   Drury  2247,
BLACKA,Blackadder Fencing Ltd (SUPPLIER),New Zealand,Andrew,Stratton,andrew@hotmail.com,027 443 5395,Upper Riccarton Upper Riccarton   Christchurch  8442,
BLACKS,BLACKS FASTENERS (WAIFOR),,,,accounts@blacksfasteners.co.nz,348 0340,Christchurch Christchurch     ,
BLACKS1,BLACKS FASTENERS LTD (WAITRU),,,,accounts@blacksfasteners.co.nz,,Christchurch Christchurch     ,
BLACKW,BLACKWELL MOTORS LTD (EST 1923),,,,,379 8180,Christchurch Christchurch     ,
BLUEMO,BLUE MOUNTAIN NURSERIES LTD,,,,info@bmn.co.nz,(03) 204 8250,Tapanui Tapanui Otago    ,
BLUESK,BLUESKIN NURSERIES LTD,,,,,03 482 2011,Waitaki Waitaki OTAGO    ,
BRIDGE,BRIDGESTONE / FIRESTONE (WAIFOR),,,,ar@bridgestone.co.nz,359 3434,Victoria Street West Victoria Street West Auckland 1142   ,
BRIDGE1,BRIDGESTONE / FIRESTONE (WAITRU),,,,ar@bridgestone.co.nz,359 3434,Victoria Street West Victoria Street West Auckland 1142   ,
BRIDON,BRIDON NZ LTD (INC COOKES),,,,debtors@bridon.co.nz,09 274 4299,Panmure Panmure Auckland    ,
BROADL,Broadleaf Nursery,New Zealand,,,,,RD 1 RD 1   Kaiapoi  7691,
BULBSD,Bulbs Direct Limited,New Zealand,,,info@bulbsdirect.co.nz,09 4321000,Paparoa Paparoa   Paparoa  543,
BURGES,Burgess Automotive **Cash Sale A/C**,New Zealand,,,accounts@burgessauto.co.nz,03 352-8231,Papanui Papanui   Christchurch  8542,
BURKEE,BURKE ELECTRICAL,,,,lenburke@actrix.co.nz,0274 333 706,Papanui Papanui CHRISTCHURCH    ,
BURNSI,BURNSIDE RADIATORS LTD,,,,,359 4240,Burnside Burnside Christchurch    ,
BUSINE,BUSINESS DISTRIBUTORS LTD,,,,Accounts@bdl.co.nz,365 0224,Christchurch Christchurch 8140    ,
BUSINE1,BUSINESS TECHNOLOGY GROUP LTD,,,,admin@btg.co.nz,(09) 580 1374,Auckland Auckland     ,
BVTCON,BVT Consulting Ltd,New Zealand,,,accounts@bvt.co.nz,371-7593,Sydenham Sydenham   Christchurch  8240,
CANTER,Canterbury Employers Chamber of Commerce,New Zealand,,,,(03) 366-5096,Christchurch Christchurch   Christchurch  8140,
CANTER1,Canterbury Environmental Services Ltd T/A Hydrovac South Island,,,,office@hydrovac.co.nz,64 3 3669187,    Christchurch  ,http://www.hydrovac.co.nz
CANTER2,Canterbury Honda Ltd,New Zealand,,,office@canterburyhonda.co.nz,03 3127927,Woodend Woodend   Woodend  7641,
CANTER3,CANTERBURY IT LTD,,,,ian@canterbury-it.com,021 555 251,Eastgate Eastgate Christchurch    ,
CANTER4,CANTERBURY LANDSCAPE SUPPLIES LTD,,,,alex@pottingmix.co.nz,03 323 7797,Kaiapoi Kaiapoi 7644    ,
CANTER5,CANTERBURY TIMBER & HARDWARE,,,,accounts@cthl.co.nz,(03) 347 7465,Templeton Templeton Christchurch 8445    ,
CANTER6,CANTERBURY TREES,,,,c.trees@xtra.co.nz,03 327 7491,Clarkville; RD2 Clarkville; RD2 KAIAPOI    ,
CARDSM,CARDSMART (CARDLINK) (DD),,,,hena.sikulu@cardlink.co.nz,0800 727 863,Newmarket Newmarket Auckland 1149    ,
CARTRI,CARTRIDGE WORLD CHRISTCHURCH CBD,,,,accounts.chchcity@cartridgeworld.co.nz,33657739,Christchurch CBD Christchurch CBD Christchurch 8142    ,
CHARLE,Charles Taam **7 DAYS**,,,,c_taam@yahoo.co.nz,022 0900456,Wainoni Wainoni   Christchurch  ,
CHORUS,CHORUS NEW ZEALAND LTD,,,,billingenquiries@chorus.co.nz,800245537,Wellersley Street Wellersley Street Auckland 1141    ,
CHRIST,CHRIS TODD CR,,,,getchristodd@gmail.com,,Bryndwr Bryndwr Christchurch 8053    ,
CHRIST1,CHRISTCHURCH CITY COUNCIL CR,,,,info@ccc.govt.nz,,Christchurch Christchurch     ,
CHRIST2,Christchurch Lock & Key Ltd,,,,,03 3527964,Papanui Papanui   Christchurch  8542,
CHRIST3,CHRISTCHURCH READY MIX,,,,accountsreceivable@crmc.co.nz,(03) 323 8149,P O Box 329 P O Box 329 Kaiapoi 7644   ,
CIRCUI,Circuit Asphalt Limited,,Cheryl,,accounts@circuitasphalt.co.nz,,Lyttelton Lyttelton   Christchurch Canterbury 8082,
CITYCA,City Care Ltd (supplier),New Zealand,,,debtors@citycare.co.nz,941-7200,Sydenham Sydenham   Christchurch  8240,
CITYFI,CITY FIRST AID,,,,cfa@xtra.co.nz,03 3265067,Sumner Sumner Christchurch 8840    ,
CLARKE,CLARKE MCKENZIE 2013 LTD,,,,,323 6536,Belfast Belfast Christchurch 8051    ,
COCKRA,COCKRAM MOTORS (CHCH) LTD,,,,accounts@cockrammotors.co.nz,366 2644,Christchurch 8140 Christchurch 8140     ,
COMPAS,COMPASS COMMUNICATIONS LTD (DD),,,,,0800 640 840,Auckland Auckland     ,
CONCRE,Concrete Masters Limited,New Zealand,,,info@concretemasters.co.nz,027 222 1600,Parklands Parklands   Christchurch  8842,
CONTIN,Continental Catering Group Limited,New Zealand,,,lbiddlecombe@continental.co.nz,03 311-8220,Rangiora Rangiora   Rangiora  7440,
CORPOR,CORPORATE CONSUMABLES LTD,,,,accounts@corpcons.co.nz,0800 50 22 51,Sydenham Sydenham Christchurch 8023   ,
CORYSE,CORYS ELECTRICAL LTD ** CASH SALE A/C ONLY **,New Zealand,,,accounts.receivable@corys.co.nz,0800 267977,Symonds Street Symonds Street   Auckland  1150,
CROFTP,Croft Print Ltd,New Zealand,,,sales@croftprint.co.nz,03 343 2270,Phillipstown Phillipstown   Christchurch  8145,
DALTON,DALTONS LIMITED,,,,remit@daltons.co.nz,0800 808 150,Matamata Matamata 3440    ,
DANDYP,DANDY PLANTS (AKA GREENLEAF NURSERIES),,,,sales@greenleafnurseries.co.nz,0800 326 397,RD 2 RD 2 Hastings    ,
DENISC,Denis Cunningham Ltd,,,,office@dcwelding.co.nz,03 3499353,    Halswell  8245,
DEPART,DEPARTMENT OF CONSERVATION,,,,ar@doc.govt.nz,(03) 379 9758 A/C's,P O Box 10420 P O Box 10420 Wellington 6143   ,
DEPART1,DEPARTMENT OF CORRECTIONS,,,,accounts@corrections.govt.nz,800243222,Wellington 6140 Wellington 6140     ,
DIGGAN,Digga NZ Limited (Cash Sale a/c only),,,,,09 262-3500,Manukau City Manukau City   Auckland  ,
DONALD,Donald & Adrianne Middleton,New Zealand,Donald,Middleton,donaldmiddleton100@gmail.com,021 02605004,RD 12 RD 12   Rakaia  7782,
DRIVET,Drivetech Ltd,,,,info@drivetech.co.nz,027 5100684,No1 RD No1 RD   Invercargill  ,
DRUMMO,DRUMMOND & ETHERIDGE LTD,,,,admin@dne.co.nz,03 349 4883,Hornby Hornby Christchurch    ,
DRYLIN,DRYLINE LIMITED,,,,,,Tai Tapu 7645 Tai Tapu 7645     ,
EASYBI,EASY BIG TREES LTD,,,,sales@easybigtrees.co.nz,(03) 215 8899,Invercargill Invercargill     ,
ECLGRO,ECL Group Security Limited,,,,alix.ruddenklau@eclgroup.co.nz,03 3398788,    Christchurch  ,
ECOCEN,ECOCENTRAL LIMITED,,,,,336 0080,Upper Riccarton Upper Riccarton Christchurch    ,
EDGESM,Edgesmith Ltd,New Zealand,,,ar@edgesmith.global,09 427 4980,Silverdale Silverdale   Silverdale  944,
EGMONT,EGMONT COMMERCIAL LTD (WAIFOR),,,,accounts@egmontnz.com,349 5546,Halswell Halswell Christchurch    ,
EGMONT1,EGMONT COMMERCIAL LTD (WAITRU),,,,accounts@egmontnz.com,349 5546,Halswell Halswell Christchurch 8245    ,
ELITET,ELITE TRAILERS & FLOATS LTD,,,,Sales@elitetrailers.co.nz,,Sockburn Sockburn Christchurch    ,
ELITET1,Elite Trees,New Zealand,,,,0800 354838,Hornby Hornby   Christchurch  8441,
ELLIOT,ELLIOTTS WHOLESALE NURSERY,,,,elliotts@elliotts.co.nz,03 314 9049,R D 1 R D 1 Amberley    ,
EMPLOY,Employsure Limited (DD),,,,accounts.receivableNZ@employsure.co.nz,0800 675 700,Level 2 Level 2 22 - 28 Customs Street East  Auckland  1010,http://www.employsure.co.nz
ENVIRO,ENVIRONMENT CANTERBURY CR,,,,finance@ecan.govt.nz,0800 324 636,Christchurch Christchurch 8140    ,
ENVIRO1,ENVIROWASTE SERVICES LTD,,,,accounts.receivable@envirowaste.co.nz,0800 240 120,Penrose Penrose Auckland    ,
ESARGE,ESARGEE LTD T/A SIMPLY SIGNS,,,,,33523210,Christchurch 8544 Christchurch 8544     ,
EVERGR,EVERGREEN NURSERY/LANDSCAPES,,,,,349 2927,R D 6 R D 6 Christchurch    ,
EXTEND,Extend IT Services Limited,New Zealand,Tyler,,Tyler@extendit.nz,021 300 795,Parkvale Parkvale   Hastings  4122,
FAHEYF,FAHEY FENCE HIRE LTD,,,,chch@faheyfencehire.co.nz,365 2838 Sue a/c's,Christchurch Christchurch 8140    ,
FASTWA,FASTWAY COURIERS CHRISTCHURCH,,,,,365 2174,Hornby Hornby Christchurch    ,
FATWEB,FATWEB LTD,,,,,0800 444 090,Christchurch Christchurch 8140    ,
FELGRO,FEL. GROUP LTD,,,,,,Penrose Penrose Auckland    ,
FERNFA,FERN FACTOR,,,,accounts@fernfactor.co.nz,344 0297,5 RD 5 RD Christchurch    ,
FIREWA,Firewatch Canterbury Ltd,New Zealand,,,admin@firewatchcanterbury.nz,377 2434,RD 2 RD 2   Kaiapoi  7692,
FLASHC,Flash Concrete Limited,New Zealand,,,,03 595-2079,8023,
FLATOU,FLATOUT,,,,accounts@flatout.co.nz,0800 111 300,Forrest Hill Forrest Hill Auckland 0620    ,
FLOORI,Flooring Wholesale Limited t/a Look Floors,,,,accounts.receivable@lookfloors.co.nz,03 3662551,Penrose Penrose   Auckland  1061,
FMGINS,FMG INSURANCE LTD,,,,,0800 366 466,Christchurch Christchurch 8140    ,
FOCUST,FOCUS TECHNOLOGY GROUP NZ LTD,,,,admin@focus.net.nz,741 3301,Middleton Middleton Christchurch    ,
FOOTPR,Footprint Engineering,New Zealand,,,,022 342 3621,    Riccarton Christchurch 8011,
FORDBR,FORD BROTHERS LIMITED,,,,fordbros@xtra.co.nz,03 3195384,Kaikoura 7300 Kaikoura 7300     ,
FOREST,Forests Forever NZ Seedlings,,,,,800757522,    Westport  ,
FOSTER,FOSTERS OUTDOOR POWER EQUIPMT,,,,accounts@fostersope.co.nz,343 6339,Sockburn  Chch  8443 Sockburn  Chch  8443     ,
FRANKS,FRANK'S TREES,New Zealand,,,franks.trees@xtra.co.nz,,RD 1 RD 1   Richmond  7081,
FREWSC,FREWS CONTRACTING LTD,,,,accounts@frews.co.nz,348 8567,Hornby Hornby   Christchurch  ,
FREWSQ,Frews Quarries Limited,New Zealand,,,accounts@frews.co.nz,03 348 8567,Hornby Hornby   Christchurch  8441,
FULTON,FULTON HOGAN CANTERBURY (Supplier),,,,ar.canterbury@fultonhogan.com,349 7039,Christchurch Christchurch     ,
GARDEN,Garden Hotel Limited,New Zealand,,,gardenr@gardenhotel.co.nz,03 386-0088,8061,
GARDEN1,GARDENMAKERS (TW TRANSPORT),,,,sales@gardenmakers.co.nz,341 5688,Hornby Hornby Christchurch 8441   ,
GEOFAB,GEOFABRICS NZ LTD,,,,accounts@maccaferri.co.nz,(03) 344 4500,Penrose Penrose Auckland    ,
GEORGE,George Henry & Co. Ltd,New Zealand,,,accounts@georgehenry.co.nz,366-5186,Christchurch Christchurch   Christchurch  8140,
GERALD,Gerald Horton Signs Ltd,New Zealand,,,,,Rangiora Rangiora   Rangiora  7440,
GILLLA,Gill Landscapes Limited (supplier),New Zealand,,,,,8051,
GLOBAL,Global PC Limited,New Zealand,Austin,Ellis,accounts@globalpc.co.nz,021 678 883 (Austin),Tower Junction Tower Junction   Christchurch  8149,
GNBREW,G N BREWER LTD,New Zealand,,,admin@gnbrewer.co.nz,03 3899548,Bromley Bromley   Christchurch  8062,
GOLDPI,GOLDPINE,,,,debtors@goldpine.co.nz,344 4080,Hornby Hornby Christchurch    ,
GOODTO,GoodToGrow NZ Ltd,New Zealand,,,richard@goodtogrownz.co.nz,027 3470392,Hatfields Beach Hatfields Beach   Orewa  931,
GOUGH;,Gough; Gough and Hamer Limited (Cat),,,,accounts.receivable@goughcat.co.nz,03 983 233,Hornby Hornby Christchurch 8441    ,
GOUGHS,GOUGHS NURSERIES **7 Days**,New Zealand,Andrew,Gough,agough1029@yahoo.com,0221 907 542,RD 2 RD 2   Kaiapoi  7692,
GRSEXC,Grs Excavations Limited,New Zealand,,,gav.renee@scorch.co.nz,0274 876689,Rangiora 7440 Rangiora 7440     7440,
HALFPR,Half Price Imports Limited,New Zealand,,,,021 667 647,Woolston Woolston   Christchurch  8023,
HALSWE,HALSWELL TIMBER CO (supplier),,,,jill@halswelltimber.co.nz,338 9199,Halswell Halswell Christchurch    ,
HARDIE,Hardie Consulting Services Ltd **7 DAYS**,,,,,,Cashmere Cashmere Christchurch 8022    ,
HAREWO,HAREWOOD PANEL & PAINT,,,,info@harewoodpanelpaint.co.nz,358 8154,Burnside Burnside   Christchurch  8053,
HAULPL,Haul Plus Limited,New Zealand,,,,09 270-1866,Onehunga Onehunga   Auckland  1061,
HEADFO,HEADFORD PROPAGATORS LTD,,,,office@headfordprop.co.nz,(03) 689 4813,Morven; 10 R D Morven; 10 R D WAIMATE    ,
HEATHM,Heath Melville,New Zealand,Heath,Melville,,022 1988280,64 Puriri Street 64 Puriri Street   Christchurch  8041,
HIDEAN,HIDE - ANDREW,,,,hidespray@xtra.co.nz,,RD1 RD1 Rangiora 7471    ,
HILTON,HILTON HAULAGE,,,,accounts@hiltons.co.nz,03 6874010,Washdyke Washdyke     ,
HIREPO,HIREPOOL LTD (WAIFOR),,,,accounts.receivable@hirepool.co.nz,359 6560,Penrose Penrose Auckland 1642    ,
HONDAN,HONDA NZ LTD,,,,accrec@honda.co.nz,379 3120,Christchurch Christchurch     ,
HORNBY,Hornby ToolShed,New Zealand,,,hornby@thetoolshed.co.nz,03 344-1188,Hornby Hornby   Christchurch  8042,
HUMESP,HUMES PIPELINE SYSTEMS - 5565779,New Zealand,,,humescredit@humes.co.nz,,Penrose Penrose   Auckland  1642,
HYGIEN,HYGIENE SYSTEMS (AUSTRALASIA) LTD,,,,accountsnz@hygienesystems.com,(09) 478 0200,Triton Plaza Triton Plaza Auckland 757   ,
INDUST,INDUSTRY SOLUTIONS LTD,,,,,(03) 318 7111,R D 1  DARFIELD R D 1  DARFIELD     ,
INNESE,Innes Engineering Limited,New Zealand,,,,03 357-0023,Burnside Burnside   Christchurch  8053,
INTERL,Interlink Ltd,New Zealand,,,accounts@interlinkltd.com,03 443-7086,Wanaka Wanaka   Wanaka  9305,
IPPSIN,IPPS (I'NATIONAL PLANT PROPAGTORS SOCIETY),,,,gus@gusevans.co.nz,(04) 293 2501,Waikanae Waikanae 5250    ,
IRDFBT,IRD - FBT payments,,Internal use only,,,,      ,
IRDPAY,IRD - PAYE payments,,Internal use only,,,,      ,
ITSAGR,It's A Growing Business,New Zealand,Heather,Hall,,,Darfield Darfield   Darfield  7510,
JCLASP,JCL Asphalt (James Craw Ltd),,,,debbie@jclasphalt.co.nz,03 981-0496,Halswell Halswell   Christchurch  8245,http://www.jclasphalt.co.nz
JOHANN,Johanna Blakely **7 DAYS**,New Zealand,Johanna,Blakely,jojoblakely@gmail.com,022 6576773,Kennedys Bush Kennedys Bush   Christchurch  8025,
KAIKOU,Kaikoura Hammer Hardware (WAITRU),,,,kaikoura@mitre10.co.nz,(03) 319-5013,    Kaikoura  ,http://www.hammerhardware.co.nz
KANNAN,Kannangara Thomson Trust Account,,,,,,No details - refer Meryl. No details - refer Meryl. Set up this a/c for records only.    ,
KAURIP,KAURI PARK,,,,lorena.Walton@kpn.co.nz,(09) 431 2125,Maungaturoto Maungaturoto 547    ,
KCFENC,KC Fence Systems,New Zealand,,,accounts@kcfencesystems.co.nz,03 374 3510,    Christchurch  8140,
KENNAR,KENNARDS HIRE NZ LTD,,,,ar@kennardshire.co.nz,(09) 298 9216,Botany Botany Auckland 2163    ,
KIWICO,Kiwi Concrete,New Zealand,,,accounts@kiwiconcrete.co.nz,437-0458,Christchurch Christchurch   Christchurch  8140,
KIWIEF,KIWI EFTPOS & POS GROUP LTD,,,,,338 7672,Christchurch Christchurch 8244    ,
KIWIFL,KIWIFLORA NURSERIES LTD CR,,,,accounts@kiwiflora.co.nz,349 4582,CHRISTCHURCH CHRISTCHURCH 8445    ,
KLEANP,Klean Property Services Limited,New Zealand,,,,021 08572020,Ourhuria Ourhuria   Christchurch  8083,
KWIKKE,KWIK KERB SOUTH ISLAND LTD,,,,,,Rolleston 7614 Rolleston 7614 Canterbury    ,
LABELX,Label X Ltd,New Zealand,,,info@labelx.co.nz,03 982-3640,Christchurch Christchurch   Christchurch  8140,
LANDMA,LandMan Limited t/a Cut'n'Paste,,Andy,Spence,,,Onetangi Onetangi Waiheke Island  Auckland  1081,
LAURAF,Laura Fergusson Trust Canterbury,New Zealand,,,accounts@lftcant.co.nz,03 5950727,Burnside Burnside   Christchurch  8053,
LEAFLA,LEAFLAND,,,,lpc@leafland.co.nz,0800 532 352,cnr Napier Rd & Roberts Line cnr Napier Rd & Roberts Line Palmerston North    ,
LEEDSA,LEEDSAFE (WAIFOR),,,,admin@leedsafe.co.nz,0508 147 147,Edgeware Edgeware Christchurch 8143    ,
LEEDSA1,LEEDSAFE (WAITRU),,,,admin@leedsafe.co.nz,0508 147 147,Edgeware Edgeware Christchurch 8143    ,
LEVINS,LEVIN SAWMAKERS LTD,,,,info@timbersaws.co.nz,(06) 368 2494,Levin Levin 5540    ,
LIFETI,Lifetime Group Ltd t/a Lifetime Home Loans,New Zealand,Simon,Ward,,03 372-1919,Victoria Street Victoria Street   Christchurch  8144,
LINCOL,Lincoln Envirotown Trust,New Zealand,,,,03 4230445,Lincoln University Lincoln University   Lincoln  7647,
LIVING,Living Earth (Waste Management),New Zealand,,,remittance@wastemanagement.co.nz,09 525-1003,Highbrook Highbrook   Auckland  2161,
LIVING1,LIVING EARTH LTD,,,,,09 526 0310,Penrose Penrose Auckland 1642    ,
MACKLE,MACKLEY CARRIERS (2008) LIMITED,,,,pricing@mackleys.co.nz,940 2451,Woolston Woolston Christchurch 8241    ,
MAGOOA,Magoo Auto Ltd (WAITRU),,,,ri@magooauto.co.nz,03 3486655,    Christchurch  8140,http://www.magooauto.co.nz
MAINLA,MAINLAND DRIVING SCHOOL LTD,,,,admin@driveschool.co.nz,,Christchurch Christchurch     ,
MAINLA1,MAINLAND SECURITY SYSTEMS LTD,,,,office@mainlandsecurity.co.nz,377 5335,CHRISTCHURCH CHRISTCHURCH     ,
MANNIN,Manning Sign Studio Ltd,,,,bonkowskin@scottishpacific.com,982 0202,P O Box 106047 P O Box 106047 Downtown  Auckland  ,
MANUKA,Manuka Press,New Zealand,,,info@manukapress.co.nz,03 445-4650,Cromwell Cromwell   Cromwell  9342,
MARTIN,MARTIN HYDRAULICS LTD,,,,accounts@martinhydraulics.co.nz,344 0307,Christchurch Christchurch 8441    ,
MARTYN,Martyns Outdoor Power and Equipment Centre Ltd,New Zealand,,,info@martyns.co.nz,(03) 355-9323,Burnside Burnside   Christchurch  8053,
MASTER,MASTERCARD (Bryn Price),,,,,,      ,
MASTER1,MASTERCARD (Joshua Smith),,,,,,      ,
MASTER2,MASTERCARD (Meryl Dawson),,,,,,      ,
MASTER3,MASTERCARD (Russell Keetley),,,,,,      ,
MATAIN,MATAI NURSERIES LTD,,,,lester@nznatives.co.nz,36898928,RD9 Waimate 7979 RD9 Waimate 7979     ,
MAUWAY,MAUWAYS NURSERY,,,,mauways@xtra.co.nz,06 322 9863,RD5 RD5 Hunterville 4785    ,
MAXWOO,MAXWOOD MANUFACTURING LTD,,,,accounts@maxwood.co.nz,,PO Box 11-317 PO Box 11-317 Christchurch 8443    ,
MCALPI,MCALPINES RANGIORA LTD,,,,accounts@mcalpines.co.nz,03 313 8999cpy invcs,Private Bag Private Bag RANGIORA    ,
MERIDI,MERIDIAN ENERGY (DD),,,,,,CHRISTCHURCH CHRISTCHURCH     ,
METALC,Metalcraft Roofing (cash sale a/c),New Zealand,,,,03 349-7350,Barrington Barrington   Christchurch  8244,
METROG,METROGREEN (CR),,,,sales@metrogreen.co.nz,3 6887317,Washdyke Washdyke Timaru 7941    ,
MIDLAN,MIDLAND HORTICULTURE,,,,sales@midlandhort.co.nz,63577129,Meeanee Meeanee Napier    ,
MILLWO,MILLWOOD NURSERY LTD,,,,grow.plants@xtra.co.nz,,Rakaia Rakaia     ,
MISCPA,Misc Payments & Staff Expenses,,Internal use only,,,,      ,
MITRE1,MITRE 10 MEGA FERRYMEAD,,,,accounts.ferrymead@mitre10.co.nz,366 6306,    Christchurch  ,
MOBILE,MOBILE TYRELAND CHRISTCHURCH LTD,,,,christchurch@mobiletyreland.co.nz,03 389 5005,Christchurch 8544 Christchurch 8544     ,
MOORES,Moores Valley Nurseries,New Zealand,,,,04 5648391,RD 1 RD 1   Wainuiomata  5373,
MORGAN,MORGANS ROAD NURSERY LTD,,,,morgansroadnursery@xtra.co.nz,03 578 1412,R D 3 R D 3 Blenheim    ,
MORRIS,Morrison Automotive Ltd,,,,service@morrisoncars.co.nz,03 3412020,    Christchurch  ,http://www.morrisoncars.co.nz
MPLAUT,MPL AUTOMOTIVE LTD,,,,,359 4272,Harewood Harewood CHRISTCHURCH    ,
MURRAY,MURRAY JONES (supplier a/c),,,,,,Halswell Halswell Christchurch (ar a/c 2014)   ,
MYOBNZ,MYOB NZ LTD,,,,exoaccounts@myob.com,0800 696 239,    Christchurch  8140,
NATION,National Trade Academy Ltd (Supplier),New Zealand,,,accounts@nta.co.nz,03 3602192,Harewood Harewood   Christchurch  8545,
NATURA,NATURALLY NATIVE,,,,info@naturallynative.co.nz,75431494,RD3 RD3 Tauranga    ,
NELSON,Nelson Marlborough Institute of Technology,New Zealand,,,debtors@nmit.ac.nz,03 5469175 ext 795,Nelson Nelson   Nelson  7040,
NEWFIE,NEWFIELD GROUP,,,,accounts@newfield.co.nz,348 0799,Sockburn Sockburn Christchurch 8443    ,
NOBLEA,NOBLE-ADAMS MACHINERY LTD,,,,mary@nobleadams.co.nz,349 7862,Christchurch Christchurch     ,
NZBIOS,NZ Biosecurity Institute,,Laurence,Smith,,,1 Oakwood Drive 1 Oakwood Drive   Rangiora Canterbury 7400,
NZGOLF,NZ Golf Carts and Parts Ltd,,,,info@golfcartparts.co.nz,0800 324 775,Dinsdale Dinsdale Hamilton 3243    ,
NZINST,NZ INSTITUTE OF HIGHWAY TECH LTD,,,,admin@nziht.co.nz,(06) 759 7065,New Plymouth New Plymouth     ,
NZMEDI,NZ MEDIA AND ENTERTAINMENT,,,,trnar@apn.co.nz,800800074,Whangarei Whangarei 140    ,
NZOFFI,NZ Office Supplies,New Zealand,,,accounts@supplies.co.nz,0800 696 334,Manukau City Manukau City   Auckland  2241,http://supplies.co.nz
NZPLAN,NZ PLANT CONSERVATION NETWORK,,,,,,Wellington Wellington     ,
NZPOLI,NZ Police,New Zealand,,,ticket@police.govt.nz,0800 105 777,Marion Square Marion Square   Wellington  6141,
NZREDC,NZ RED CROSS - NATIONAL OFFICE,,,,receivables@redcross.org.nz,(03) 339 7111,Thorndon Thorndon Wellington 6038    ,
NZSAFE,NZ SAFETY BLACKWOODS (WAIFOR),,,,accounts@nzsafetyblackwoods.co.nz,0800 660 660 CHCH,AUCKLAND 1142 AUCKLAND 1142     ,
NZSAFE1,NZ SAFETY LTD (WAITRU),,,,accounts@nzsafetyblackwoods.co.nz,09 579 2880,Auckland 1 Auckland 1     ,
NZSPOR,NZ Sports Turf Institute Limited,,,,accounts@nzsti.org.nz,09 4150323,Browns Bay Browns Bay   Auckland  753,
NZTONE,NZ Toner Office Supplies Ltd,New Zealand,,,sales@nztoner.co.nz,03 366 6515,Sydenham Sydenham   Christchurch  8240,
NZTRAN,NZ Transport Agency (DD),,,,,0800 00 28 28,      ,
NZTRUC,NZ Trucks,,,,,3488138,South Hornby South Hornby   Christchurch  8042,
NZVINY,NZ Vinyl Repair & Trim ** 7 DAYS **,New Zealand,,,,03 377-1757,Sydenham Sydenham   Christchurch  8240,
OASIS,OASIS,,,,accounts@oasishireplants.co.nz,375 7041,Christchurch 8051 Christchurch 8051     ,
OBORNE,Oborn (E N Oborn Limited),New Zealand,,,,(03) 377-1800,Waltham Waltham   Christchurch  8023,
ODERIN,ODERINGS NURSERIES,,,,info@oderings.co.nz,332 9099 A/C'S,P O Box 996 P O Box 996 CHRISTCHURCH    ,
OFFICE,OFFICEMAX,,,,arhelpdesk@officemax.co.nz,0800 729 967,Penrose Penrose AUCKLAND    ,
OHWELL,OH Well Limited,New Zealand,,,accounts@ohwell.co.nz,377-2661,Tower Junction Tower Junction   Christchurch  8149,
OLDSTA,Old stables nursery & gifts,New Zealand,,,,,Yaldhurst Yaldhurst   Christchurch  7678,
OMCPOW,OMC POWER EQUIPMENT,,,,accounts@omc.net.nz,366 1829,Christchurch Christchurch 8140    ,
ORATIA,ORATIA NATIVE PLANT NURSERY,,,,info@oratianatives.co.nz,(09) 818 6467,Oratia Oratia AUCKLAND    ,
ORIONL,Orion Labelling Solutions Ltd,New Zealand,,,accounts@orionlabels.co.nz,09 437-2423,Whangarei Mail Centre Whangarei Mail Centre   Whangarei  148,
PARKLA,Parkland Equipment Hire Ltd,New Zealand,,,,09 4144795,Browns Bay Browns Bay   Auckland  753,
PARKLA1,PARKLAND PRODUCTS LIMTED,,,,,09 4150300,Browns Bay 0753 Browns Bay 0753 Auckland    ,
PARRYF,PARRY FIELD LAWYERS,,,,,03 348 8480,CHRISTCHURCH CHRISTCHURCH     ,
PAULMC,Paul McGahan **7 DAYS**,New Zealand,,,paulmcgahan@xtra.co.nz,276032781,Papanui Papanui   Christchurch  8053,
PAVERS,Pavers Direct Ltd,,,,,021 1382341,    Burnham Christchurch 7600,
PAYMAR,PAYMARK (DD),,,,,0800 767 746,Auckland 1140 Auckland 1140     ,
PEARSO,Pearson Contracting Ltd,New Zealand,,,pearsons@outlook.co.nz,03 789 8505,    Westport  7825,
PENDER,Pender Electric Limited,New Zealand,Wade,Hubrick,wlhubrick@yahoo.com.au,027 4327632,Ilam Ilam   Christchurch  8444,
PERENN,Perennial Limited,New Zealand,,,tamsyn@perennial.co.nz,03 366 6107,Sydenham Sydenham   Christchurch  8240,
PESTCO,Pest Control Research LP,New Zealand,,,accounts@pcr.co.nz,64 021 1151884,    Christchurch  8240,
PESTCO1,Pest Control Solutions,New Zealand,Fraser,Maddigan,info@pestcontrolsolutions.co.nz,64 022 6768819,    Christchurch  8247,http://www.pestcontrolsolutions.co.nz
PETERG,Peter G Foote **PAY 7 DAYS**,New Zealand,Peter,Foote,88pgf88@gmail.com,,Rangiora Rangiora   Rangiora  7400,
PETTYC,PETTY CASH,,,,,,      ,
PGGWRI,PGG Wrightson Ltd (Supplier),,,,sfordham@pggwrightson.co.nz,(03) 471 7672,DUNEDIN DUNEDIN     ,
PLACEM,PLACEMAKERS - SOUTHBOUND (WAIFOR),,,,accounts.cranfordst@placemakers.co.nz,375 4119,Edgeware Edgeware CHRISTCHURCH    ,
PLACEM1,PLACEMAKERS BUILDING CHOICES RICCARTON,,,,accounts.riccarton@placemakers.co.nz,,Riccarton Riccarton     ,
PLANTL,PLANTLIFE PROPAGATORS LTD,,,,,(06) 326 8011,Ashhurst Ashhurst 4810    ,
PLASTI,Plastik Fix Limited,New Zealand,,,,,85 Coleridge St 85 Coleridge St Sydenham  Christchurch  8023,
PORTER,PORTER GROUP inc Hire; Access; Cranes,,,,remittances@portergroup.co.nz,359 9368 chch,Te Rapa Te Rapa Hamilton    ,
PORTER1,PORTER PARTS LIMITED,New Zealand,Dave,Armitage,remittances@portergroup.co.nz,027 2492506,    Hamilton  ,http://www.portergroup.co.nz
POSITI,Positive Electric 2010 Ltd T/A Positive Security,,Austin,Booth,,0800 333767,Burnham Burnham    Canterbury 7600,
PRACTI,PRACTICAL HR SOLUTIONS LTD,,,,sarah@practicalhrsolutions.co.nz,021 860 629,Burwood Burwood Christchurch 8083    ,
PREBBL,Prebble Seeds Ltd,,,,prebchch@prebbleseeds.co.nz,03 3497295,Sockburn Sockburn   Christchurch  8443,
PRIMAR,PRIMARY ITO,,,,finance@primaryito.ac.nz,(04) 8019616,The Terrace The Terrace Wellington 6143    ,
PRIMEH,PRIMEHORT DISTRIBUTORS LTD,,,,sales@primehort.co.nz,0800 127746,Maungaturoto 0547 Maungaturoto 0547     ,
PRIORI,Priority Auto Electric Ltd,,Jamie,Baker,priorityautoelectric@gmail.com,027 288 6007,    Christchurch Canterbury 8051,
PROFES,Professional Gas & Plumbing,New Zealand,,,professionalgasandplumbing@xtra.co.nz,021 1601087,Kaiapoi Kaiapoi   Kaiapoi  7630,
PROMET,Prometal Industries Ltd,,,,accounts@prometal.co.nz,03 3844524,    Christchurch  8544,http://www.prometal.co.nz
PROSEE,PROSEED NEW ZEALAND LIMITED,,,,seed@proseed.co.nz,314 8978,Amberley Amberley New Zealand 8051   ,
PUKERA,PUKERAU NURSERY,,,,info@pukeraunursery.co.nz,(03) 205 3801,2 RD 2 RD Gore 9772   ,
QUIKST,QuikStart Seedlings 2007 Ltd,New Zealand,,,,03 3479724,RD 1 RD 1   Christchurch  7671,
RAYSSP,Ray's Spray Panel & Paint,New Zealand,,,,027  425 8400,Hornby South Hornby South   Christchurch  8042,
RDPETR,RD PETROLEUM LTD (DD),,,,,0800 44 00 14,Christchurch Christchurch 8140    ,
READYL,READYLAWN INDUSTRIES LTD,,,,accounts@readylawn.co.nz,03 322 8547,Halswell Halswell Christchurch 8025    ,
REDPAT,Redpath Pacific Limited,New Zealand,,,,0508 733 728,Terrace End Terrace End   Palmerston North  4441,http://redpath.co.nz
RENTAL,RENT-A-LOO (NZ) LTD,,,,dakins.group@xtra.co.nz,384 9100,Christchurch Christchurch     ,
REPCOL,REPCO LTD (WAIFOR),,,,credit@repco.co.nz,,TAURANGA TAURANGA 3140    ,
REPCOL1,REPCO LTD (WAITRU),,,,credit@repco.co.nz,800730619,Tauranga Tauranga 3140    ,
RESTOR,RESTORATIONZ,,,,,322 7487,Kennedys Bush Kennedys Bush Christchurch    ,
RHODOD,RHODODIRECT,,,,rhododirect@slingshot.co.nz,(03) 315 6555,R.D. R.D. Rotheram 7379    ,
RIVERS,RIVERSIDE HORTICULTURE CR,,,,robyn@riversidehort.co.nz,03 313 8734,RANGIORA RANGIORA     ,
RJHILL,R J HILL LABORATORIES LTD,,,,accounts@hill-labs.co.nz,(07) 858 2000,Hamilton Hamilton     ,
ROADME,Road Metals Company Limited,New Zealand,,,accounts@roadmetals.co.nz,03 347-1366,Christchurch Christchurch   Christchurch  8140,
ROBSON,Robson Environmental Services Ltd,New Zealand,,,robsonenviro@xtra.co.nz,349-8871,Hornby South Hornby South   Christchurch  8042,
ROCKEA,ROCKEATER TRUCK SERVICES LTD,,,,tina@rockeater.co.nz,06 3640940,RD3 RD3 Otaki 5583    ,
ROOFLI,Roofline Canterbury Ltd,New Zealand,,,admin@roofline.co.nz,03 349-8439,Hornby Hornby   Christchurch  8441,
ROSSGA,ROSS GALT LOCK & ALARM LTD,,,,,365 0298,CHRISTCHURCH CHRISTCHURCH     ,
RSTENV,RST Environmental Solutions (SUPPLIER),,,,admin@rst.co.nz,(06) 355 3625,Palmerston North Palmerston North     ,
SAFERB,SAFE R BRAKES (2016) LTD,,,,admin@saferbrakes.co.nz,03 3796140,Christchurch Christchurch     ,
SAFETY,Safety n Action,New Zealand,,,receivables@safetynaction.co.nz,09 414 5944,Browns Bay Browns Bay   Auckland  753,
SCAFFO,Scaffolding Innovations Ltd,New Zealand,,,info@scaffoldingauckland.com,0800  869 377,Onehunga Onehunga   Auckland  1643,
SEA2LA,Sea 2 Land Upholstery Limited,,,,,0276 575 668,      ,
SECURI,Security Matters Christchurch Ltd,New Zealand,,,info@securitymatters.net.nz,0800 246 111,Somerfield Somerfield   Christchurch  8024,
SEEKNZ,SEEK (NZ) LIMITED *DUE 14 DAYS*,,,,remittance@seek.co.nz,0508 733 569,North Harbour North Harbour Auckland 0751    ,
SHAMRO,Shamrock Industries,,,,sales@shamrock.co.nz,64 3 3657906,Phillipstown Phillipstown   Christchurch  8145,http://www.shamrock.co.nz
SHANDS,SHANDS OUTDOOR POWER,,,,info@shands.co.nz,3498955,Christchurch 8441 Christchurch 8441     ,
SHEFFI,Sheffield Crescent Auto Centre 2014 Limited (Trust),New Zealand,,,sheffieldcauto@xtra.co.nz,03 3585580,8053,http://sheffieldauto.co.nz
SHEFFI1,Sheffield Crescent Auto Centre 2014 Ltd (WFL),New Zealand,,,sheffieldcauto@xtra.co.nz,03 358 5580,Burnside Burnside   Christchurch  8053,http://www.sheffieldcauto.co.nz
SHEFFI2,SHEFFIELD CRESCENT PANEL & PAINT,,,,gtiney@xtra.co.nz,358 7165,Christchurch Christchurch     ,
SHELYR,Shelyron Fabrication Limited,New Zealand,,,,,RD 1 RD 1   Rangiora  7471,
SIGNBI,Signbiz Limited,New Zealand,,,accounts@signbiz.co.nz,03 385 7857,    Christchurch  ,http://www.signbiz.co.nz
SITESA,SITE SAFE NZ INC,,,,theteam@sitesafe.org.nz,(04) 499 2509,WELLINGTON WELLINGTON     ,
SMITHS,SMITHS HIRE,,,,smithshire@xtra.co.nz,,Christchurch Christchurch     ,
SMITHS1,SMITHS MITRE 10 (WAIFOR),,,,ar.smiths@mitre10.co.nz,344 2725 A/C'S,Christchurch Christchurch     ,
SMITHS2,SMITHS MITRE 10 (WAITRU),,,,ar.smiths@mitre10.co.nz,344 2725 A/C'S,Christchurch Christchurch     ,
SOUTHE,Southern Business Machines,New Zealand,,,accounts@sbm.co.nz,03 3776776,    Christchurch  8140,http://www.sbm.co.nz
SOUTHE1,Southern Horticultural Products Ltd T/A Intelligro,,,,accounts@igro.co.nz,03 347 9415,Weedons  RD 7 Weedons  RD 7 Christchurch    7677,
SOUTHE2,Southern Woods Nursery Ltd (SUPPLIER),,,,admin@southernwoods.co.nz,,Hornby Hornby Christchurch 8441    ,
SOUTHI,South Island Agricultural Field Days Incorporated,New Zealand,,,,03 318 1845,Kirwee Kirwee   Kirwee  7543,
SOUTHI1,South Island Forklifts Ltd,New Zealand,,,admin@siforklifts.co.nz,03 348-2060,Christchurch Christchurch   Christchurch  8140,
SOUTHP,SOUTH PACIFIC ROSES LTD,,,,sprn2@callplus.net.nz,349 6458,R D 6 R D 6 CHRISTCHURCH    ,
SOUTHS,SOUTHSHORE WIRE & MESH,,,,grieve.rnd@gmail.com,027 7771354,      ,
SPARKN,Spark New Zealand Trading Ltd (DD),New Zealand,,,,126,Christchurch Christchurch   Christchurch  8140,http://www.spark.co.nz
SPRAYM,SPRAY MARKS TRAFFIC,,,,admin@spraymarks.co.nz,chch 349 8817,Ashburton Ashburton 7740    ,
STARME,STAR MEDIA,,,,accounts@starmedia.kiwi,379 7100,Christchurch Christchurch 8140    ,
STEELT,STEEL & TUBE HOLDINGS LTD,,,,remittance@steelandtube.co.nz,(09) 273 7645,Lower Hutt Lower Hutt     ,
STEVET,Steve Thiele Limited,,,,steveandjennythiele@gmail.com,,Leithfield Leithfield RD1 Amberley   North Canterbury ,
SUB5PR,SUB 5 PRIVATE SECURITY LIMITED,,,,accounts@sub5.co.nz,356 1200,Upper Riccarton Upper Riccarton Christchurch 8442    ,
SUCKIT,Suck It Up Ltd,New Zealand,,,suckitupltd@gmail.com,027 5888809,RD 1 RD 1   Belfast  7670,
SUNSHI,SUNSHINE ENVIRONMENTALS,,,,sales@sunshineenvironmentals.co.nz,(06) 357 4043,Palmerston North Palmerston North     ,
SUSANN,Susanna Blakely **7 DAYS**,New Zealand,Susanna,Blakely,susannajblakely@gmail.com,027 8998168,Kennedys Bush Kennedys Bush   Christchurch  8025,
SWAINS,Swains Kiwi Kerb Ltd,,,,,03 9801123,Shirley Shirley   Christchurch  8640,
TAGGAR,TAGGART EARTHMOVING LTD CR,,,,taggart@taggart.net.nz,323 7085,Northwood Northwood CHRISTCHURCH    ,
TAKANA,TAKANA NATIVE TREES LTD,,,,,,Northcote Northcote Auckland 0627    ,
TAYLOR,TAYLOR SM & LP,,,,stew-lou@xtra.co.nz,03 352-0058,Northwood Northwood Christchurch    ,
TEAMSP,TEAM Sports Surfaces Limited (supplier),New Zealand,,,,0508 836 647,Parnell Parnell   Auckland  1151,
TECHWA,Tech Warehouse Limited,New Zealand,,,sales@techwarehouse.co.nz,09 972 9389,Pukekohe Pukekohe   Pukekohe  2340,
TEDDIN,TEDDINGTON QUARRY LTD,,,,info@teddingtonquarry.co.nz,027 287 6646,Beckenham Beckenham Christchurch 8242    ,
TELFER,TelferYoung (Canterbury) Limited,New Zealand,,,,(03)  379-7960,Christchurch Christchurch   Christchurch  8140,
TERRAN,TERRANOTA LIMITED,,,,,(03) 215 8258,Invercargill Invercargill 9840    ,
TESTAN,Test and Tag Training,New Zealand,,,accounts@portableappliancetesters.co.nz,0800 111780,Auckland City Auckland City   Auckland  1143,
TEXTUR,TEXTURE PLANTS LIMITED CR,,,,admin@textureplants.co.nz,03 349 7296,Sockburn Sockburn CHRISTCHURCH    ,
THEDRU,THE DRUG DETECTION AGENCY CANTERBURY LTD,,,,accounts.christchurch@tdda.com,354 5352,Bishopdale Bishopdale Christchurch    ,
THEEAR,The EarthCare Foundation,,Rob,Blakely,theearthcarefoundation@gmail.com,021 2493209,Kennedys Bush Kennedys Bush   Christchurch  8025,
THEGOR,THE GORGE NURSERY LTD,,,,info@thegorgenursery.co.nz,,RD Oxford RD Oxford Canterbury    ,
THEIRR,THE IRRIGATION WAREHOUSE LTD,,,,lynne@tiw.co.nz,341 8601,Tower Junction Tower Junction Christchurch    ,
THEJOB,The Job Agency Limited (used Bartercard to pay),New Zealand,,,,03 961-5050,Christchurch Christchurch   Christchurch  8140,
THELIT,THE LITTLE BIG TREE COMPANY CR,,,,office@littlebigtree.co.nz,359 7100,Bishopdale Bishopdale CHRISTCHURCH    ,
THEMED,The Media Clearing House Limited,New Zealand,Tony,Clark,accounts@mediaclearinghouse.co.nz,03 943 2181,Barrington Barrington   Christchurch  8244,
THENAK,The Naked Baker ** 7 days **,New Zealand,,,,03 383 2393,North New Brighton North New Brighton   Christchurch  8083,
THENAT,THE NATIVE PLANT CENTRE LTD,,,,info@nznativeplants.co.nz,(09) 415 7419,Coatesville Coatesville RD 3 Albany Auckland   ,
THEREF,THE REFERENCE PUBLISHING COMP.,,,,refpub@nursery.net.nz,09 358 2749,Epsom Epsom AUCKLAND 1344   ,
THETYR,The Tyre General,New Zealand,,,admin@tyregeneral.co.nz,03 348-8422,Sockburn Sockburn   Christchurch  8443,http://tyregeneral.co.nz
THIRDF,THIRD FLOOR VENTURES LTD,,,,accounts@conservationjobs.co.nz,,Silverdale Silverdale     ,
THIRKE,THIRKETTLE NURSERIES,,,,accounts@thirkettlenurseries.co.nz,,Hope Hope RD1 Richmond 7081 Nelson   ,
TOPMAQ,Topmaq,New Zealand,,,,,Wigram Wigram   Christchurch  8042,
TRADEM,Trade Me purchases,,,,,,      ,
TRADES,Tradestaff Group Ltd **7 days**,,,,,377 5907,Christchurch Christchurch     ,
TRANSQ,TRANSQUIP (Supplier),,,,accounts@transquip.co.nz,344 3131,Hornby Hornby Christchurch    ,
TREESF,TREES FOR CANTERBURY CR,,,,,332 8586,Ferrymead Ferrymead CHRISTCHURCH    ,
TRENTS,TRENTS NURSERY (2011) LTD ** 7 DAY A/C**,,,,,349 1303,R D 6     Prebbleton R D 6     Prebbleton Christchurch    ,
UNDERG,UNDERGROUND SERVICE LOCATORS,New Zealand,,,accounts@undergroundlocators.co.nz,0800 425 622,Courtenay Place Courtenay Place   Wellington  6149,
UNITED,UNITED FISHERIES LTD,,,,mail@unitedfisheries.co.nz,343 0587,Sockburn Sockburn Christchurch 8443    ,
UNIVER,University of Canterbury (supplier),New Zealand,,,enrol@canterbury.ac.nz,0800 827 748,Christchurch Christchurch   Christchurch  8140,
UNREAL,Unreal Grass Limited (DD) **7 DAYS FOLDER**,New Zealand,Baz,Woodcock (sales mngr),,027 7744660,4414,
URBANG,Urban Group,New Zealand,,,admin@urbangroup.co.nz,0800 803362,Levin Levin   Levin  5540,
URBANP,URBAN PAVING (2005) LTD,,,,claire@urbanpaving.co.nz,359 8625,Bishopdale Bishopdale Christchurch    ,
VALSPA,Valspar Paint (NZ) Limited,,,,nzaccounts.receivable@valspar.com,0800 282667,Shortland Street Shortland Street   Auckland  1140,http://www.wattyl.co.nz
VALTEX,Valtex Horticultural Products,New Zealand,,,ritex@ritex.co.nz,03 5471188,Tahunanui Tahunanui   Nelson  7011,
VEHICL,VEHICLE INSPECTION CENTRE,,,,4wofs@xtra.co.nz,357 0911,Harewood Harewood Christchurch 8053    ,
VEHICL1,VEHICLE INSPECTION NZ LTD (WAIFOR),,,,accounts@vinz.co.nz,(09) 580 3170 Tui,H/O = P O Box 14 149 H/O = P O Box 14 149 Panmure   Auckland    ,
VEHICL2,VEHICLE INSPECTION NZ LTD (WAITRU),,,,accounts@vinz.co.nz,(09) 580 3170 Tui,H/O = P O Box 14 149 H/O = P O Box 14 149 Panmure Auckland 1741   ,
VERNON,Vernon & Vazey Truck Parts (SI) Ltd,,,,,64 3 3431631,Sydenham Sydenham   Christchurch  8140,
VIBRAN,VIBRANT EARTH LTD,,,,plants@vibrantearth.co.nz,(03) 544 8087,Hope Hope Nelson    ,
VIVIAW,Vivia Ward,New Zealand,Vivia,Ward,lundubh@gmail.com,027 6939143,North New Brighton North New Brighton   Christchurch  8083,
VODAFO,VODAFONE,,,,,,Auckland 1010 Auckland 1010 New Zealand    ,
VOLUNT,Volunteering Canterbury,,,,mgr@volcan.org.nz,03 3662442,    Christchurch  ,
WAIMEA,Waimea Truck and Crane Ltd,New Zealand,,,,03 544-6061,Richmond Richmond   Richmond  7050,
WAIORA,WAI-ORA INTERNAL INVOICES (supplier),(Supplier 11224),,,,,    Harewood Christchurch ,
WAIORA1,WAI-ORA TRUST (bills) ** 7 DAYS **,,,,wyn@waioratrust.org.nz,,Harewood Harewood Christchurch    ,
WAIWHE,WAIWHETU DISTRIBUTORS LTD,,,,accounts@waiwhetu.co.nz,0800 55 33 69,Wellington Mail Centre Wellington Mail Centre     ,
WALKER,Walker Industries (2019) Ltd,New Zealand,,,sales@hang-it.co.nz,64 3 3669966,Hornby Hornby   Christchurch  8441,
WAREHO,WAREHOUSE STATIONERY,,,,debtors@stationery.co.nz,0800 222 246,Newmarket Newmarket Auckland    ,
WASTEM,WASTE MANAGEMENT NZ LTD (supplier),New Zealand,,,remittance@wastemanagement.co.nz,0800 222 431,Sockburn Sockburn   Christchurch  8443,
WATERF,WATERFORCE LTD (Supplier),,,,christchurch@waterforce.co.nz,349 2605,Ilam Ilam Christchurch    ,
WATERF1,WaterForce Rangiora,New Zealand,,,rangiora@waterforce.co.nz,03 3107550,Rangiora Rangiora   Rangiora  7440,
WATERF2,WATERFORD PRESS LTD,,,,accounts@waterfordpress.co.nz,983 5500,Christchurch Christchurch 8245    ,
WATSON,WATSON MECHANICAL LTD,,,,,358 7194,Christchurch Christchurch 8053    ,
WESTPO,Westport Hire and Power Equipment Centre,,,,accounts@westporthire.co.nz,03 7895038,    Westport  7825,
WHITET,White & Taylor (2010) Limited,New Zealand,,,admin@whiteandtaylor.co.nz,379-6151,    Christchurch  8440,
WILLOW,Willowbank Wildlife Reserve (Supplier),New Zealand,,,info@willowbank.co.nz,03 3596226,Northwood Northwood   Christchurch  8051,
WOODEN,WOODEND NURSERIES,,,,office@woodendnursery.co.nz,(03) 312 7260,Woodend Woodend 7641    ,
WORKPL,WORKPLACE SAFETY SUPPLIES LTD - SAFET,,,,accounts@workplacesafety.net.nz,366 6066,Shirley Shirley Christchurch 8640    ,
YELLOW,YELLOW PAGES GROUP LTD,,,,,0800 803 803,Greenlane Greenlane Auckland 1546    ,
