Code (reqd),Supplier Name (reqd),Country (reqd),Contact First Name,Contact Last Name,Contact Email,Contact Phone,Postal Address,Notes
AMFOOD,A&M Food Distributors Limited,New Zealand,Alistair,Hay,a.mchilledfoods@gmail.com,M:027 568 5137,48 Te Korari Street Marshland Christchurch 8083,
ABLETT,Ablett Quarry Management Ltd,New Zealand,Grant,,grant.ablett@yahoo.co.nz,03 3442922,335 Pound Road RD6 Christchurch 7676,
ABOUTI,About Irrigation,New Zealand,Steve,,,M:027 4898886,11 Luxton Place Mount Pleasant Christchurch 8081,
ABOUTT,About Trees Limited,New Zealand,Stephen,,stephenmurchison1@gmail.com,03 3374926,126 Huntsbury Ave Christchurch  8022,
ACANDJ,AC And JS Bremner,New Zealand,Andy or Julia,Bremner,,M:64 27 7070003,205 High Street Oxford  7430,
ACADEM,Academy Hire 2011 Ltd,New Zealand,Academy Hire,,academyhire@xtra.co.nz,03 3477473,846 Jones Road Rolleston  7677,http://www.academyhire.co.nz
ACCESS,Accessman Christchurch Ltd,New Zealand,Accounts,,accounts@accessman.co.nz,03 3413571,PO Box 11281 Sockburn Christchurch 8443,http://www.accessman.co.nz
ACCIDE,Accident Compensation Corporation,New Zealand,ACC,,business@acc.co.nz,0800 222 776,   ,
ACTIONPC,Action Powder Coating 2015 Ltd,New Zealand,Info,,info@actionpowdercoating.co.nz,03 349 0498,PO Box 23005 Templeton Christchurch 8445,
ACTIONSC,Action Security And Access Ltd,New Zealand,Admin,,admin@actionsecurity.co.nz,03 384 0995,PO Box 76179 Northwood Christchurch 8548,
ADVANCEG,Advanced Engineering Group,New Zealand,Accounts,,accounts@advanced.eng.co.nz,03 3849595,PO Box 19915 Woolston Christchurch 8241,
ADVANCMT,Advanced Maintenance (Chch) Ltd,New Zealand,Advanced Maintenance,,amchch@hotmail.co.nz,"03 366 5207, M:027 4375 623",PO Box 2038 Christchurch  8140,
ADVANCEQ,Advancequip,New Zealand,Admin,,admin@advancequip.co.nz,(03) 203-9110,PO Box 56 Gore  9740,
AERONZ,Aero NZ Ltd,New Zealand,Jasmine,,jasmine@aero.net.nz,03 3181211,Unit 6-19 William Lewis Drive Sockburn Christchurch ,http://www.aero.net.nz
AFFORD,Affordable Fences And Landscapes Limited,New Zealand,,,,M:027 2212708,15 Kilkenny Place Belfast Christchurch 8051,
AGRICU,Agriculture Services Ltd,New Zealand,,,,64 6 3503947,PO Box 1635 Palmerston North  4440,http://www.agservices.co.nz
AIMACE,Aimac Electronics Ltd,New Zealand,Accounts,,accounts@aimac.co.nz,"03 3413280, M:027 4242661",14 Stanbury Avenue Spreydon Christchurch 8024,http://www.aimac.co.nz
AIRLIQ,Air Liquide NZ Ltd,New Zealand,Bethany,,bethany.lazenby-sc@airliquide.com,0800 838 838,PO Box 12846 Penrose Auckland 1642,
ALANJK,Alan J Kerr,New Zealand,Alan,,alancarolee@xtra.co.nz,03 2368998,59 Hillary Street Winton  9720,
ALLIED,Allied Concrete Limited,New Zealand,,,,03 3078019,PO Box 574 Ashburton  7740,
ALLWOO,Allwood Trees Ltd,New Zealand,,,,349 9240,366 Halswell Junction Road Christchurch  8025,
ALPHAE,Alpha Equipment,New Zealand,Accounts,,accounts@alphaequipment.co.nz,03 9612246,PO BOX 16776 Hornby Christchurch ,
ALSCON,Alsco North Canterbury,New Zealand,Admin,,admin.christchurch@alsco.co.nz,0800 425726,P O Box 7118 Christchurch  ,Deliveries are every 2nd Wednesday
ANDREW,Andrews Of Canterbury Contracting Ltd,New Zealand,,,,M:027 899 3556,11 Torlesse Street Rangiora  7400,
ANTHON,Anthony Harper,New Zealand,Karen,Kemp,karen.kemp@ah.co.nz,09 920-6466,PO Box 2646 Shortland Street Auckland 1140,
AORANG,Aorangi Debt Collection,New Zealand,Aorangi Debt,,creditguard@xtra.co.nz,03 3439988,PO Box 42143 Tower Junction Christchurch 8149,
APPLET,Appletons Tree Nursery Ltd,New Zealand,Info,,info@appletons.co.nz,(03) 541 8309,160 Wakefield-Kohatu Highway RD1 Wakefield Nelson 7095,
ARCADI,Arcadia Plants Ltd,New Zealand,,,,342 5412,387 Old West Coast Road RD6 Yaldhurst Christchurch ,
ASHBYS,Ashby's Ready Mixed (AML Ltd),New Zealand,Admin,,amladmin@hwr.co.nz,359-7084,PO Box 1104 Invercargill  9840,
ASMUSS,Asmuss South Island (HJ Asmuss & Co Ltd),New Zealand,Admin,,admin@asmuss.co.nz,03 347-1568,PO Box 86016 Rolleston West  7658,
ATMORE,Atmore Associates Limited ** 7 Days **,New Zealand,Karen,Miles,,03 281 3519,251 Ambler Road Rangitata  7992,
AUTOTR,Auto Transmissions Ltd,New Zealand,Office,,office@autotransmissions.co.nz,379 3692,98 Falsgrave Street Phillipstown Christchurch 8011,
AUTOMO,Automotive Brands Ltd (Fast Fitt),New Zealand,Office,,office@automotivebrands.co.nz,379 1532,212 Lichfield Street Christchurch  8540,
AVERYB,Avery Brothers Ltd **7 Days**,New Zealand,Brent,,averybrothers@xtra.co.nz,03 789-8526,PO Box 261 Westport  7866,
AWAGAR,Awa Gardens Limited,New Zealand,Info,,info@awanursery.co.nz,(09) 411 8712,P O Box 170 Waimauku  842,
BAIERG,Baier Group Ltd,New Zealand,Jeremy,,jeremy@baiergroup.co.nz,359 8849,P O Box 76 018 Northwood Christchurch 8548,
BANKFE,Bank Fees,New Zealand,Internal use only,,,,   ,
BANKSP,Banks Peninsula Transport (2006) Ltd,New Zealand,,,,325 1024,C/- Postal Centre Little River  ,
BARTER,Bartercard (DD),New Zealand,,,,09 414 6621,"Level 3, Building 3 61 Constellation Drive, Albany Auckland 632",
BEATTI,Beattie Air Conditioning Service,New Zealand,Receivables,,receivables@beattiegroup.co.nz,379 4832,P O Box 16385 Christchurch  ,
BEVANG,Bevan G Smith,New Zealand,,,,365 1071,P O Box 10 379 Christchurch  8145,
BILLST,Bill Stephens Truck Refinishing Limited,New Zealand,,,,,23 Bermuda Drive Hornby Christchurch 8042,
BIOFOR,Bioforce Limited,New Zealand,,,,,PO Box 73 Drury Drury 2247,
BLACKA,Blackadder Fencing Ltd (Supplier),New Zealand,Andrew,Stratton,andrew@hotmail.com,M:027 443 5395,PO Box 6149 Upper Riccarton Christchurch 8442,
BLACKSWF,Blacks Fasteners (Waifor),New Zealand,Accounts,,accounts@blacksfasteners.co.nz,348 0340,P O Box 7229 Christchurch  ,
BLACKSWT,Blacks Fasteners Ltd (Waitru),New Zealand,Accounts,,accounts@blacksfasteners.co.nz,,P O Box 7229 Christchurch  ,
BLACKW,Blackwell Motors Ltd (Est 1923),New Zealand,,,,379 8180,P O Box 16480 Christchurch  ,
BLUEMO,Blue Mountain Nurseries Ltd,New Zealand,Info,,info@bmn.co.nz,(03) 204 8250,99 Bushy Hill Street Tapanui Otago ,
BLUESK,Blueskin Nurseries Ltd,New Zealand,,,,03 482 2011,P O Box 63 Waitaki Otago ,
BRIDGEWF,Bridgestone / Firestone (Waifor),New Zealand,Accounts,,ar@bridgestone.co.nz,359 3434,P O Box 91440 Victoria Street West Auckland 1142,
BRIDGEWT,Bridgestone / Firestone (Waitru),New Zealand,Accounts,,ar@bridgestone.co.nz,359 3434,P O Box 91440 Victoria Street West Auckland 1142,
BRIDON,Bridon NZ Ltd (Inc Cookes),New Zealand,Debtors,,debtors@bridon.co.nz,09 274 4299,P O Box 14 422 Panmure Auckland ,
BROADL,Broadleaf Nursery,New Zealand,,,,,308 Rangiora Woodend Road RD 1 Kaiapoi 7691,
BULBSD,Bulbs Direct Limited,New Zealand,Info,,info@bulbsdirect.co.nz,09 4321000,PO Box 161 Paparoa Paparoa 543,
BURGES,Burgess Automotive **Cash Sale A/C**,New Zealand,Accounts,,accounts@burgessauto.co.nz,03 352-8231,PO Box 5102 Papanui Christchurch 8542,
BURKEE,Burke Electrical,New Zealand,Len,,lenburke@actrix.co.nz,M:0274 333 706,P O Box 5476 Papanui Christchurch ,
BURNSI,Burnside Radiators Ltd,New Zealand,,,,359 4240,524 Wairakei Road Burnside Christchurch ,
BUSINDT,Business Distributors Ltd,New Zealand,Accounts,,Accounts@bdl.co.nz,365 0224,P O Box 1856 Christchurch  8140,
BUSINTG,Business Technology Group Ltd,New Zealand,Admin,,admin@btg.co.nz,(09) 580 1374,P O Box 17 367 Auckland  ,
BVTCON,BVT Consulting Ltd,New Zealand,Accounts,,accounts@bvt.co.nz,371-7593,PO Box 7292 Sydenham Christchurch 8240,
CANTECOC,Canterbury Employers Chamber Of Commerce,New Zealand,,,,(03) 366-5096,PO Box 359 Christchurch  8140,
CANTES,Canterbury Environmental Services Ltd T/AHydrovacSouthIsland,New Zealand,Office,,office@hydrovac.co.nz,64 3 3669187,PO Box 76073 Christchurch  ,http://www.hydrovac.co.nz
CANTHON,Canterbury Honda Ltd,New Zealand,Office,,office@canterburyhonda.co.nz,03 3127927,PO Box 28 Woodend Woodend 7641,
CANTIT,Canterbury IT Ltd,New Zealand,Ian,,ian@canterbury-it.com,M:021 555 251,P O Box 24 319 Eastgate Christchurch ,
CANTLS,Canterbury Landscape Supplies Ltd,New Zealand,Alex,,alex@pottingmix.co.nz,03 323 7797,P O Box 275 Kaiapoi  7644,
CANTTH,Canterbury Timber & Hardware,New Zealand,Accounts,,accounts@cthl.co.nz,(03) 347 7465,P O Box 23106 Templeton Christchurch 8445,
CANTTR,Canterbury Trees,New Zealand,CanterburyTrees,,c.trees@xtra.co.nz,03 327 7491,"72 Heywards Road Clarkville, RD2 Kaiapoi ",
CARDSM,Cardsmart (Cardlink) (Dd),New Zealand,Hena,,hena.sikulu@cardlink.co.nz,0800 727 863,Private Bag 99918 Newmarket Auckland 1149,
CARTRI,Cartridge World Christchurch CBD,New Zealand,Accounts,,accounts.chchcity@cartridgeworld.co.nz,03 365 7739,100 Fitzgerald Ave Christchurch CBD Christchurch 8142,
CHARLE,Charles Taam **7 Days**,New Zealand,Charles,,c_taam@yahoo.co.nz,022 0900456,14 Brockenhurst Street Wainoni Christchurch ,
CHORUS,Chorus New Zealand Ltd,New Zealand,Billing,,billingenquiries@chorus.co.nz,0800 245537,PO Box 6640 Wellersley Street Auckland 1141,
CHRISTOD,Chris Todd Cr,New Zealand,Chris,,getchristodd@gmail.com,,23 Truman Road Bryndwr Christchurch 8053,
CHRISTCC,Christchurch City Council Cr,New Zealand,Info,,info@ccc.govt.nz,,P.O.Box 237 Christchurch  ,
CHRISTLK,Christchurch Lock & Key Ltd,New Zealand,,,,03 3527964,PO Box 5151 Papanui Christchurch 8542,
CHRISTRM,Christchurch Ready Mix,New Zealand,Accounts,,accountsreceivable@crmc.co.nz,(03) 323 8149,P O Box 329 Kaiapoi  7644,
CIRCUI,Circuit Asphalt Limited,New Zealand,Cheryl,,accounts@circuitasphalt.co.nz,,PO Box 190 Lyttelton Christchurch 8082,
CITYCA,City Care Ltd (Supplier),New Zealand,Debtors,,debtors@citycare.co.nz,941-7200,PO Box 7669 Sydenham Christchurch 8240,
CITYFI,City First Aid,New Zealand,CFA,,cfa@xtra.co.nz,03 3265067,P O Box 17 639 Sumner Christchurch 8840,
CLARKE,Clarke McKenzie 2013 Ltd,New Zealand,,,,323 6536,802 Main North Road Belfast Christchurch 8051,
COCKRA,Cockram Motors (Chch) Ltd,New Zealand,Accounts,,accounts@cockrammotors.co.nz,366 2644,P O Box 4204 Christchurch  8140,
COMPAS,Compass Communications Ltd (Dd),New Zealand,,,,0800 640 840,P O Box 2533 Auckland  ,
CONCRE,Concrete Masters Limited,New Zealand,Info,,info@concretemasters.co.nz,M:027 222 1600,PO Box 38026 Parklands Christchurch 8842,
CONTIN,Continental Catering Group Limited,New Zealand,CCG,,lbiddlecombe@continental.co.nz,03 311-8220,PO Box 832 Rangiora  7440,
CORPOR,Corporate Consumables Ltd,New Zealand,Accounts,,accounts@corpcons.co.nz,0800 50 22 51,P O Box 3956 Sydenham Christchurch 8023,
CORYSE,Corys Electrical Ltd ** Cash Sale A/C Only **,New Zealand,Accounts,,accounts.receivable@corys.co.nz,0800 267977,PO Box 8071 Symonds Street Auckland 1150,
CROFTP,Croft Print Ltd,New Zealand,Sales,,sales@croftprint.co.nz,03 343 2270,PO Box 10261 Phillipstown Christchurch 8145,
DALTON,Daltons Limited,New Zealand,Remit,,remit@daltons.co.nz,0800 808 150,P O Box 397 Matamata  3440,
DANDYP,Dandy Plants (Aka Greenleaf Nurseries),New Zealand,Sales,,sales@greenleafnurseries.co.nz,0800 326 397,34 Kohupataki Road RD 2 Hastings ,
DENISC,Denis Cunningham Ltd,New Zealand,Office,,office@dcwelding.co.nz,03 3499353,PO Box 37226 Halswell  8245,
DEPTCONS,Department Of Conservation,New Zealand,Accounts,,ar@doc.govt.nz,(03) 379 9758 A/C's,National Office - Accts Receiv P O Box 10420 Wellington 6143,
DEPTCORR,Department Of Corrections,New Zealand,Accounts,,accounts@corrections.govt.nz,800243222,Private Bag 1206 Wellington  6140,
DIGGAN,Digga NZ Limited (Cash Sale A/C Only),New Zealand,,,,09 262-3500,12 Joval Place Manukau City Auckland ,
DONALD,Donald & Adrianne Middleton,New Zealand,Donald,Middleton,donaldmiddleton100@gmail.com,M:021 02605004,53 Rakaia River Road RD 12 Rakaia 7782,
DRIVET,Drivetech Ltd,New Zealand,Info,,info@drivetech.co.nz,"03 2304326, M:027 5100684",156 Longbush South Road No1 RD Invercargill ,
DRUMMO,Drummond & Etheridge Ltd,New Zealand,Admin,,admin@dne.co.nz,03 349 4883,P O Box 16 301 Hornby Christchurch ,
DRYLIN,Dryline Limited,New Zealand,,,,,PO Box 9 Tai Tapu 7645  ,
EASYBI,Easy Big Trees Ltd,New Zealand,Sales,,sales@easybigtrees.co.nz,(03) 215 8899,241 North Road Invercargill  ,
ECLGRO,ECL Group Security Limited,New Zealand,Alix,,alix.ruddenklau@eclgroup.co.nz,03 3398788,PO Box 6080 Christchurch  ,
ECOCEN,Ecocentral Limited,New Zealand,,,,336 0080,P O Box 6320 Upper Riccarton Christchurch ,
EDGESM,Edgesmith Ltd,New Zealand,Accounts,,ar@edgesmith.global,09 427 4980,PO Box 120 Silverdale  944,
EGMOWF,Egmont Commercial Ltd (Waifor),New Zealand,Accounts,,accounts@egmontnz.com,349 5546,P O Box 37326 Halswell Christchurch ,
EGMOWT,Egmont Commercial Ltd (Waitru),New Zealand,Accounts,,accounts@egmontnz.com,349 5546,P O Box 37 326 Halswell Christchurch 8245,
ELITETF,Elite Trailers & Floats Ltd,New Zealand,Sales,,Sales@elitetrailers.co.nz,,P O Box 11 256 Sockburn Christchurch ,
ELITETR,Elite Trees,New Zealand,,,,0800 354838,PO Box 16524 Hornby Christchurch 8441,
ELLIOT,Elliotts Wholesale Nursery,New Zealand,Elliots,,elliotts@elliotts.co.nz,03 314 9049,5 Grays Road R D 1 Amberley ,
EMPLOY,Employsure Limited (Dd),New Zealand,Accounts,,accounts.receivableNZ@employsure.co.nz,0800 675 700,"The Foundry, Generator Level 2, 22 - 28 Customs Street East Auckland 1010",http://www.employsure.co.nz
ENVIROCAN,Environment Canterbury Cr,New Zealand,Finance,,finance@ecan.govt.nz,0800 324 636,P O Box 345 Christchurch  8140,
ENVIROWAS,Envirowaste Services Ltd,New Zealand,Accounts,,accounts.receivable@envirowaste.co.nz,0800 240 120,Private Bag 92810 Penrose Auckland ,
ESARGE,Esargee Ltd T/A Simply Signs,New Zealand,,,,03 352 3210,PO Box 14161 Christchurch 8544  ,
EVERGR,Evergreen Nursery/Landscapes,New Zealand,,,,349 2927,Ivey Road R D 6 Christchurch ,
EXTEND,Extend It Services Limited,New Zealand,Tyler,,Tyler@extendit.nz,M:021 300 795,501 Park Road North Parkvale Hastings 4122,
FAHEYF,Fahey Fence Hire Ltd,New Zealand,FaheyFence,,chch@faheyfencehire.co.nz,365 2838 Sue a/c's,P O Box 1793 Christchurch  8140,
FASTWA,Fastway Couriers Christchurch,New Zealand,,,,365 2174,P O Box 16977 Hornby Christchurch ,
FATWEB,Fatweb Ltd,New Zealand,,,,0800 444 090,P O Box 1879 Christchurch  8140,
FELGRO,FEL. Group Ltd,New Zealand,,,,,P O Box 12 430 Penrose Auckland ,
FERNFA,Fern Factor,New Zealand,Accounts,,accounts@fernfactor.co.nz,344 0297,Newtons Road 5 RD Christchurch ,
FIREWA,Firewatch Canterbury Ltd,New Zealand,Admin,,admin@firewatchcanterbury.nz,377 2434,110 Edmunds Road RD 2 Kaiapoi 7692,
FLASHC,Flash Concrete Limited,New Zealand,,,,03 595-2079,32 Hawdon Street Sydenham Christchurch 8023,
FLATOU,Flatout,New Zealand,Accounts,,accounts@flatout.co.nz,0800 111 300,228 Forrest Hill Road Forrest Hill Auckland 620,
FLOORI,Flooring Wholesale Limited T/A Look Floors,New Zealand,Accounts,,accounts.receivable@lookfloors.co.nz,03 3662551,PO Box 112027 Penrose Auckland 1061,
FMGINS,FMG Insurance Ltd,New Zealand,,,,0800 366 466,Private Bag 4751 Christchurch  8140,
FOCUST,Focus Technology Group NZ Ltd,New Zealand,Admin,,admin@focus.net.nz,741 3301,10 Craft Place Middleton Christchurch ,
FOOTPR,Footprint Engineering,New Zealand,Admin,,,M:022 342 3621,1 Le Cascina Lane Riccarton Christchurch 8011,
FORDBR,Ford Brothers Limited,New Zealand,FordBros,,fordbros@xtra.co.nz,03 3195384,214-216 Beach Road Kaikoura  7300,
FOREST,Forests Forever NZ Seedlings,New Zealand,,,,0800 757522,  Westport ,
FOSTER,Fosters Outdoor Power Equip,New Zealand,Accounts,,accounts@fostersope.co.nz,343 6339,P O Box 11007 Sockburn Christchurch 8443,
FRANKS,Frank's Trees,New Zealand,Frank's,,franks.trees@xtra.co.nz,,126 Golden Hills Road RD 1 Richmond 7081,
FREWSC,Frews Contracting Ltd,New Zealand,Accounts,,accounts@frews.co.nz,348 8567,PO Box 16044 Hornby Christchurch ,
FREWSQ,Frews Quarries Limited,New Zealand,Accounts,,accounts@frews.co.nz,03 348 8567,PO Box 16044 Hornby Christchurch 8441,
FULTON,Fulton Hogan Canterbury (Supplier),New Zealand,Accounts,,ar.canterbury@fultonhogan.com,349 7039,P O Box 16 064 Christchurch  ,
GNBREW,G N Brewer Ltd,New Zealand,Admin,,admin@gnbrewer.co.nz,03 3899548,177 Maces Road Bromley Christchurch 8062,
GARDHOT,Garden Hotel Limited,New Zealand,GardenHotel,,gardenr@gardenhotel.co.nz,03 386-0088,108 Marshland Road Shirley Christchurch 8061,
GARDEN,Gardenmakers (TW Transport),New Zealand,Sales,,sales@gardenmakers.co.nz,341 5688,P O Box 16 945 Hornby Christchurch 8441,
GEOFAB,Geofabrics NZ Ltd,New Zealand,Accounts,,accounts@maccaferri.co.nz,(03) 344 4500,P O Box 12 536 Penrose Auckland ,
GEORGE,George Henry & Co. Ltd,New Zealand,Accounts,,accounts@georgehenry.co.nz,366-5186,PO Box 1245 Christchurch Christchurch 8140,
GERALD,Gerald Horton Signs Ltd,New Zealand,,,,,PO Box 93 Rangiora Rangiora 7440,
GILLLA,Gill Landscapes Limited (Supplier),New Zealand,,,,,80 Tyrone Street Belfast Christchurch 8051,
GLOBAL,Global PC Limited,New Zealand,Austin,Ellis,accounts@globalpc.co.nz,"03 961-7286, M:021 678 883",PO Box 42144 Tower Junction Christchurch 8149,
GOLDPI,Goldpine,New Zealand,Debtors,,debtors@goldpine.co.nz,344 4080,P O Box 16 026 Hornby Christchurch ,
GOODTO,Goodtogrow NZ Ltd,New Zealand,Richard,,richard@goodtogrownz.co.nz,M:027 3470392,6 Fendalton Place Hatfields Beach Orewa 931,
GOUGH,"Gough, Gough And Hamer Limited (Cat)",New Zealand,Accounts,,accounts.receivable@goughcat.co.nz,03 983 233,PO Box 16168 Hornby Christchurch 8441,
GOUGHS,Goughs Nurseries **7 Days**,New Zealand,Andrew,Gough,agough1029@yahoo.com,M:0221 907 542,1029 Tram Road RD 2 Kaiapoi 7692,
GRSEXC,GRS Excavations Limited,New Zealand,Gav,,gav.renee@scorch.co.nz,"03 3132104, M:0274 876689",PO Box 181 Rangiora 7440  7440,
HALFPR,Half Price Imports Limited,New Zealand,,,,"03 944-2997, M:021 667 647",25 Heathcote Street Woolston Christchurch 8023,
HALSWE,Halswell Timber Co (Supplier),New Zealand,Jill,,jill@halswelltimber.co.nz,338 9199,P.O.Box 37172 Halswell Christchurch ,
HARDIE,Hardie Consulting Services Ltd **7 Days**,New Zealand,,,,,10 Hollis Avenue Cashmere Christchurch 8022,
HAREWO,Harewood Panel & Paint,New Zealand,Info,,info@harewoodpanelpaint.co.nz,358 8154,8A Sheffield Crescent Burnside Christchurch 8053,
HAULPL,Haul Plus Limited,New Zealand,,,,09 270-1866,59 Miami Parade Onehunga Auckland 1061,
HEADFO,Headford Propagators Ltd,New Zealand,Office,,office@headfordprop.co.nz,(03) 689 4813,"24 Horsnell's Road Morven, 10 R D Waimate ",
HEATHM,Heath Melville,New Zealand,Heath,Melville,,M:022 1988280,Flat 3 64 Puriri Street Christchurch 8041,
HIDE-A,Hide - Andrew,New Zealand,Andrew,,hidespray@xtra.co.nz,,211 Mt Thomas Road RD1 Rangiora 7471,
HILTON,Hilton Haulage,New Zealand,Accounts,,accounts@hiltons.co.nz,03 6874010,50 Sheffield St Washdyke  ,
HIREPO,Hirepool Ltd (Waifor),New Zealand,Accounts,,accounts.receivable@hirepool.co.nz,359 6560,P O Box 12048 Penrose Auckland 1642,
HONDAN,Honda NZ Ltd,New Zealand,Accounts,,accrec@honda.co.nz,379 3120,P O Box 2643 Christchurch  ,
HORNBY,Hornby Toolshed,New Zealand,Hornby,,hornby@thetoolshed.co.nz,03 344-1188,33 Shands Road Hornby Christchurch 8042,
HUMESP,Humes Pipeline Systems - 5565779,New Zealand,Humes,,humescredit@humes.co.nz,,Private Bag 92817 Penrose Auckland 1642,
HYGIEN,Hygiene Systems (Australasia) Ltd,New Zealand,Accounts,,accountsnz@hygienesystems.com,(09) 478 0200,P O Box 305 419 Triton Plaza Auckland 757,
INDUST,Industry Solutions Ltd,New Zealand,,,,(03) 318 7111,Clintons Road RD1 Darfield ,
INNESE,Innes Engineering Limited,New Zealand,,,,03 357-0023,5A Holt Place Burnside Christchurch 8053,
INTERL,Interlink Ltd,New Zealand,Accounts,,accounts@interlinkltd.com,03 443-7086,5 Chalmers Street Wanaka  9305,
IPPS,IPPS (I'National Plant Propagtors Society),New Zealand,Gus,,gus@gusevans.co.nz,(04) 293 2501,P O Box 98 Waikanae  5250,
IRD-FB,IRD - FBT Payments,New Zealand,Internal use only,,,,   ,
IRD-PA,IRD - PAYE Payments,New Zealand,Internal use only,,,,   ,
ITSAGR,It's A Growing Business,New Zealand,Heather,Hall,,,7 South Terrace Darfield  7510,
JCLASP,JCL Asphalt (James Craw Ltd),New Zealand,Debbie,,debbie@jclasphalt.co.nz,03 981-0496,PO Box 37275 Halswell Christchurch 8245,http://www.jclasphalt.co.nz
JOHANN,Johanna Blakely **7 Days**,New Zealand,Johanna,Blakely,jojoblakely@gmail.com,M:022 6576773,111 Old Tai Tapu Road Kennedys Bush Christchurch 8025,
KAIKOU,Kaikoura Hammer Hardware (Waitru),New Zealand,HammerHardware,,kaikoura@mitre10.co.nz,(03) 319-5013,PO Box 94 Kaikoura  ,http://www.hammerhardware.co.nz
KANNAN,Kannangara Thomson Trust Account,New Zealand,,,,,   ,Solicitor for new business purchase. 
KAURIP,Kauri Park,New Zealand,Lorena,,lorena.Walton@kpn.co.nz,(09) 431 2125,P O Box 63 Maungaturoto  547,
KCFENC,KC Fence Systems,New Zealand,Accounts,,accounts@kcfencesystems.co.nz,03 374 3510,PO Box 22514 Christchurch  8140,
KENNAR,Kennards Hire NZ Ltd,New Zealand,Accounts,,ar@kennardshire.co.nz,(09) 298 9216,P O Box 58978 Botany Auckland 2163,
KIWICO,Kiwi Concrete,New Zealand,Accounts,,accounts@kiwiconcrete.co.nz,437-0458,PO Box 2341 Christchurch  8140,
KIWIEF,Kiwi Eftpos & Pos Group Ltd,New Zealand,,,,338 7672,P O Box 33 131 Christchurch  8244,
KIWIFL,Kiwiflora Nurseries Ltd Cr,New Zealand,Accounts,,accounts@kiwiflora.co.nz,349 4582,P O Box 23 014 Christchurch  8445,
KLEANP,Klean Property Services Limited,New Zealand,,,,M:021 08572020,678 Marshland Road Ourhuria Christchurch 8083,
KWIKKE,Kwik Kerb South Island Ltd,New Zealand,,,,,54 Quartz Dr Rolleston  7614,
LABELX,Label X Ltd,New Zealand,Info,,info@labelx.co.nz,03 982-3640,PO Box 2023 Christchurch  8140,
LANDMA,Landman Limited T/A Cut'N'Paste,New Zealand,Andy,Spence,,,16 Hobson Terrace Onetangi Waiheke Island 1081,
LAURAF,Laura Fergusson Trust Canterbury,New Zealand,Accounts,,accounts@lftcant.co.nz,03 5950727,279 Ilam Road Burnside Christchurch 8053,
LEAFLA,Leafland,New Zealand,Leafland,,lpc@leafland.co.nz,0800 532 352,1 Roberts Line cnr Napier Rd & Roberts Line Palmerston North ,
LEEDWF,Leedsafe (Waifor),New Zealand,Admin,,admin@leedsafe.co.nz,0508 147 147,P O Box 21 184 Edgeware Christchurch 8143,
LEEDWT,Leedsafe (Waitru),New Zealand,Admin,,admin@leedsafe.co.nz,0508 147 147,P O Box 21 184 Edgeware Christchurch 8143,
LEVINS,Levin Sawmakers Ltd,New Zealand,Info,,info@timbersaws.co.nz,(06) 368 2494,P O Box 1066 Levin  5540,
LIFETI,Lifetime Group Ltd T/A Lifetime Home Loans,New Zealand,Simon,Ward,,03 372-1919,PO Box 25130 Victoria Street Christchurch 8144,
LINCOL,Lincoln Envirotown Trust,New Zealand,,,,03 4230445,PO Box 85084 Lincoln University Lincoln 7647,
LIVINGWM,Living Earth (Waste Management),New Zealand,Remittance,,remittance@wastemanagement.co.nz,09 525-1003,PO Box 204253 Highbrook Auckland 2161,
LIVINGEA,Living Earth Ltd,New Zealand,,,,09 526 0310,P O Box 12 698 Penrose Auckland 1642,
MACKLE,Mackley Carriers (2008) Limited,New Zealand,Pricing,,pricing@mackleys.co.nz,940 2451,PO Box 19 637 Woolston Christchurch 8241,
MAGOOA,Magoo Auto Ltd (Waitru),New Zealand,Ri,,ri@magooauto.co.nz,03 3486655,PO Box 4019  Christchurch 8140,http://www.magooauto.co.nz
MAINDS,Mainland Driving School Ltd,New Zealand,Admin,,admin@driveschool.co.nz,,PO Box 11-394 Christchurch  ,
MAINSS,Mainland Security Systems Ltd,New Zealand,Office,,office@mainlandsecurity.co.nz,377 5335,P O Box 7328 CHRISTCHURCH  ,
MANNIN,Manning Sign Studio Ltd,New Zealand,ManningSign,,bonkowskin@scottishpacific.com,982 0202,c/- Scottish Pacific Business Finance Ltd P O Box 106047 Auckland ,
MANUKA,Manuka Press,New Zealand,Info,,info@manukapress.co.nz,03 445-4650,PO Box 245 Cromwell  9342,
MARTIN,Martin Hydraulics Ltd,New Zealand,Accounts,,accounts@martinhydraulics.co.nz,344 0307,P O Box 16-790 Christchurch  8441,
MARTYN,Martyns Outdoor Power And Equipment Centre Ltd,New Zealand,Info,,info@martyns.co.nz,(03) 355-9323,151 Roydvale Avenue Burnside Christchurch 8053,
MASTERBP,Mastercard (Bryn Price),New Zealand,,,,,   ,
MASTERJS,Mastercard (Joshua Smith),New Zealand,,,,,   ,
MASTERMD,Mastercard (Meryl Dawson),New Zealand,,,,,   ,
MASTERRK,Mastercard (Russell Keetley),New Zealand,,,,,   ,
MATAIN,Matai Nurseries Ltd,New Zealand,Lester,,lester@nznatives.co.nz,03 689 8928,McNamaras Rd RD9 Waimate 7979,
MAUWAY,Mauways Nursery,New Zealand,Mauways,,mauways@xtra.co.nz,06 322 9863,State Highway 1 RD5 Hunterville 4785,
MAXWOO,Maxwood Manufacturing Ltd,New Zealand,Accounts,,accounts@maxwood.co.nz,,6/33 Foremans Rd PO Box 11-317 Christchurch 8443,
MCALPI,McAlpines Rangiora Ltd,New Zealand,Accounts,,accounts@mcalpines.co.nz,03 313 8999cpy invcs,McAlpines Mitre 10 Mega Private Bag Rangiora ,
MERIDI,Meridian Energy (Dd),New Zealand,,,,,P O Box 2128 Christchurch  ,
METALC,Metalcraft Roofing (Cash Sale A/C),New Zealand,,,,03 349-7350,PO Box 33056 Barrington Christchurch 8244,
METROG,Metrogreen (Cr),New Zealand,Sales,,sales@metrogreen.co.nz,03 6887317,P O Box 2082 Washdyke Timaru 7941,
MIDLAN,Midland Horticulture,New Zealand,Sales,,sales@midlandhort.co.nz,06 357 7129,56 Ulyatt Road Meeanee Napier ,
MILLWO,Millwood Nursery Ltd,New Zealand,Millwood,,grow.plants@xtra.co.nz,,9 Barrhill / Methven Rd Rakaia  ,
MISCPA,Misc Payments & Staff Expenses,New Zealand,Internal use only,,,,   ,eg for paying expenses to staff and one-off bills where we are not setting up a creditor a/c
MITRE1,Mitre 10 Mega Ferrymead,New Zealand,Accounts,,accounts.ferrymead@mitre10.co.nz,366 6306,P O Box 41007 Christchurch  ,
MOBILE,Mobile Tyreland Christchurch Ltd,New Zealand,Tyreland,,christchurch@mobiletyreland.co.nz,03 389 5005,PO Box 14 224 Christchurch  8544,
MOORES,Moores Valley Nurseries,New Zealand,,,,04 5648391,285 Moores Valley Road RD 1 Wainuiomata 5373,
MORGAN,Morgans Road Nursery Ltd,New Zealand,Morgans,,morgansroadnursery@xtra.co.nz,03 578 1412,Morgans Road RD 3 Blenheim ,
MORRIS,Morrison Automotive Ltd,New Zealand,Service,,service@morrisoncars.co.nz,03 3412020,PO Box 1383 Christchurch  ,http://www.morrisoncars.co.nz
MPLAUT,MPL Automotive Ltd,New Zealand,,,,359 4272,498 Wairakei Road Harewood Christchurch ,
MURRAY,Murray Jones (Supplier A/C),New Zealand,,,,,10 Glovers Road Halswell Christchurch ,
MYOBNZ,MYOB NZ Ltd,New Zealand,Accounts,,exoaccounts@myob.com,0800 696 239,P O Box 2864 Christchurch  8140,
NATION,National Trade Academy Ltd (Supplier),New Zealand,Accounts,,accounts@nta.co.nz,03 3602192,PO Box 39069 Harewood Christchurch 8545,
NATURA,Naturally Native,New Zealand,Info,,info@naturallynative.co.nz,07 543 1494,30 Gammon Mill Rd RD3 Tauranga ,
NELSON,Nelson Marlborough Institute Of Technology,New Zealand,Debtors,,debtors@nmit.ac.nz,03 5469175 ext 795,PO Box 19 Nelson Nelson 7040,
NEWFIE,Newfield Group,New Zealand,Accounts,,accounts@newfield.co.nz,348 0799,P O Box 11 303 Sockburn Christchurch 8443,
NOBLE-,Noble-Adams Machinery Ltd,New Zealand,Mary,,mary@nobleadams.co.nz,349 7862,P O Box 16 295 Christchurch  ,
NZBIOS,NZ Biosecurity Institute,New Zealand,Laurence,Smith,,,Canterbury Branch 1 Oakwood Drive Rangiora 7400,
NZGOLF,NZ Golf Carts And Parts Ltd,New Zealand,Info,,info@golfcartparts.co.nz,0800 324 775,PO Box 15672 Dinsdale Hamilton 3243,
NZINST,NZ Institute Of Highway Tech Ltd,New Zealand,Admin,,admin@nziht.co.nz,(06) 759 7065,P O Box 4273 New Plymouth  ,
NZMEDI,NZ Media And Entertainment,New Zealand,Media,,trnar@apn.co.nz,0800 800074,PO Box 1075 Whangarei  140,
NZOFFI,NZ Office Supplies,New Zealand,Accounts,,accounts@supplies.co.nz,0800 696 334,PO Box 97185 Manukau City Auckland 2241,http://supplies.co.nz
NZPLAN,NZ Plant Conservation Network,New Zealand,,,,,P O Box 16 102 Wellington  ,
NZPOLI,NZ Police,New Zealand,Ticket,,ticket@police.govt.nz,0800 105 777,PO Box 9147 Marion Square Wellington 6141,
NZREDC,NZ Red Cross - National Office,New Zealand,Receivables,,receivables@redcross.org.nz,(03) 339 7111,P O Box 12 140 Thorndon Wellington 6038,
NZSAFEWF,NZ Safety Blackwoods (Waifor),New Zealand,Accounts,,accounts@nzsafetyblackwoods.co.nz,0800 660 660 CHCH,Private Bag 92100 Auckland  1142,
NZSAFEWT,NZ Safety Ltd (Waitru),New Zealand,Accounts,,accounts@nzsafetyblackwoods.co.nz,09 579 2880,Private Bag 92100 Auckland   ,
NZSPOR,NZ Sports Turf Institute Limited,New Zealand,Accounts,,accounts@nzsti.org.nz,09 4150323,PO Box 35710 Browns Bay Auckland 753,
NZTONE,NZ Toner Office Supplies Ltd,New Zealand,Sales,,sales@nztoner.co.nz,03 366 6515,PO Box 7468 Sydenham Christchurch 8240,
NZTRAN,NZ Transport Agency (Dd),New Zealand,,,,0800 00 28 28,   ,
NZTRUC,NZ Trucks,New Zealand,,,,348 8138,6 Brydone Road South Hornby Christchurch 8042,
NZVINY,NZ Vinyl Repair & Trim ** 7 Days **,New Zealand,,,,03 377-1757,PO Box 7403 Sydenham Christchurch 8240,
OASIS,Oasis,New Zealand,Accounts,,accounts@oasishireplants.co.nz,375 7041,320 Prestons Road Christchurch  8051,
OBORNE,Oborn (E N Oborn Limited),New Zealand,,,,(03) 377-1800,49 Shakespeare Road Waltham Christchurch 8023,
ODERIN,Oderings Nurseries,New Zealand,Info,,info@oderings.co.nz,332 9099 A/C'S,(ALL BRANCHES) P O Box 996 Christchurch ,
OFFICE,Officemax,New Zealand,Accounts,,arhelpdesk@officemax.co.nz,0800 729 967,Private Bag 92831 Penrose Auckland ,
OHWELL,Oh Well Limited,New Zealand,Accounts,,accounts@ohwell.co.nz,377-2661,PO Box 9007 Tower Junction Christchurch 8149,
OLDSTA,Old Stables Nursery & Gifts,New Zealand,,,,,363 Hasketts Road Yaldhurst Christchurch 7678,
OMCPOW,OMC Power Equipment,New Zealand,Accounts,,accounts@omc.net.nz,366 1829,P O  Box 1964 Christchurch  8140,
ORATIA,Oratia Native Plant Nursery,New Zealand,Info,,info@oratianatives.co.nz,(09) 818 6467,625 West Coast Road Oratia Auckland ,
ORIONL,Orion Labelling Solutions Ltd,New Zealand,Accounts,,accounts@orionlabels.co.nz,09 437-2423,PO Box 11083 Whangarei Mail Centre Whangarei 148,
PARKEQ,Parkland Equipment Hire Ltd,New Zealand,,,,09 4144795,PO Box 35710 Browns Bay Auckland 753,
PARKPR,Parkland Products Limted,New Zealand,,,,09 4150300,PO Box 35710 Browns Bay Auckland 753,
PARRYF,Parry Field Lawyers,New Zealand,,,,03 348 8480,P O Box 1725 Christchurch  ,
PAULMC,Paul McGahan **7 Days**,New Zealand,Pauls,,paulmcgahan@xtra.co.nz,M:027 603 2781,444 Papanui Road Papanui Christchurch 8053,
PAVERS,Pavers Direct Ltd,New Zealand,,,,M:021 1382341,2239 Main South Road Burnham Christchurch 7600,
PAYMAR,Paymark (Dd),New Zealand,,,,0800 767 746,P O Box 799 Auckland 1140  ,
PEARSO,Pearson Contracting Ltd,New Zealand,Pearsons,,pearsons@outlook.co.nz,03 789 8505,125 Brougham Street Westport  7825,
PENDER,Pender Electric Limited,New Zealand,Wade,Hubrick,wlhubrick@yahoo.com.au,M:027 4327632,PO Box 31021 Ilam Christchurch 8444,
PERENN,Perennial Limited,New Zealand,Perennial,,tamsyn@perennial.co.nz,03 366 6107,PO Box 7735 Sydenham Christchurch 8240,
PESTRES,Pest Control Research LP,New Zealand,Accounts,,accounts@pcr.co.nz,"03 3721580, M:021 1151884",PO Box 7223 Christchurch  8240,
PESTSOL,Pest Control Solutions,New Zealand,Fraser,Maddigan,info@pestcontrolsolutions.co.nz,M:022 6768819,PO Box 41-027 Christchurch  8247,http://www.pestcontrolsolutions.co.nz
PETERG,Peter G Foote **Pay 7 Days**,New Zealand,Peter,Foote,88pgf88@gmail.com,,57 Acacia Avenue Rangiora  7400,
PETTYC,Petty Cash,New Zealand,,,,,   ,
PGGWRI,PGG Wrightson Ltd (Supplier),New Zealand,PGG,,sfordham@pggwrightson.co.nz,(03) 471 7672,Private Bag 1961 Dunedin  ,
PLACEMWF,Placemakers - Southbound (Waifor),New Zealand,Accounts,,accounts.cranfordst@placemakers.co.nz,375 4119,P O  Box 21-311 Edgeware Christchurch ,
PLACEMRIC,Placemakers Building Choices Riccarton,New Zealand,Accounts,,accounts.riccarton@placemakers.co.nz,,P.O. Box 2653 Riccarton  ,
PLANTL,Plantlife Propagators Ltd,New Zealand,,,,(06) 326 8011,145a Winchester Street Ashhurst  4810,
PLASTI,Plastik Fix Limited,New Zealand,,,,,"Unit 3, 85 Coleridge St Sydenham Christchurch 8023",
PORTERGR,"Porter Group Inc Hire, Access, Cranes",New Zealand,Remittance,,remittances@portergroup.co.nz,359 9368 chch,P O Box 10164 Te Rapa Hamilton ,
PORTERPA,Porter Parts Limited,New Zealand,Dave,Armitage,remittances@portergroup.co.nz,"03 359 9368, M:027 2492506",PO Box 10164 Hamilton  ,http://www.portergroup.co.nz
POSITI,Positive Electric 2010 Ltd T/A Positive Security,New Zealand,Austin,Booth,,0800 333767,285 Burnham Road Burnham  7600,
PRACTI,Practical HR Solutions Ltd,New Zealand,Sarah,,sarah@practicalhrsolutions.co.nz,M:021 860 629,43 Reginald Street Burwood Christchurch 8083,
PREBBL,Prebble Seeds Ltd,New Zealand,PrebbleSeeds,,prebchch@prebbleseeds.co.nz,03 3497295,PO Box 11186 Sockburn Christchurch 8443,
PRIMAR,Primary ITO,New Zealand,Finance,,finance@primaryito.ac.nz,(04) 8019616,PO Box 10 383 The Terrace Wellington 6143,
PRIMEH,Primehort Distributors Ltd,New Zealand,sales,,sales@primehort.co.nz,0800 127746,PO Box 28 Maungaturoto 0547  ,
PRIORI,Priority Auto Electric Ltd,New Zealand,Jamie,Baker,priorityautoelectric@gmail.com,"03 3662886, M:027 288 6007",27 Farquhars Road Christchurch  8051,
PROFES,Professional Gas & Plumbing,New Zealand,Gas&Plumb,,professionalgasandplumbing@xtra.co.nz,M:021 1601087,4 Ansel Place Kaiapoi  7630,
PROMET,Prometal Industries Ltd,New Zealand,Accounts,,accounts@prometal.co.nz,03 3844524,PO Box 14035 Christchurch  8544,http://www.prometal.co.nz
PROSEE,Proseed New Zealand Limited,New Zealand,Proseed,,seed@proseed.co.nz,314 8978,"177 Amberley Beach Rd, R.D.1 Amberley  8051",
PUKERA,Pukerau Nursery,New Zealand,Info,,info@pukeraunursery.co.nz,(03) 205 3801,34 Pukerau Street 2 RD Gore 9772,
QUIKST,Quikstart Seedlings 2007 Ltd,New Zealand,,,,03 3479724,356 Halkett Road RD 1 Christchurch 7671,
RJHILL,R J Hill Laboratories Ltd,New Zealand,Accounts,,accounts@hill-labs.co.nz,(07) 858 2000,Private Bag 3205 Hamilton  ,
RAYSSPR,Ray's Spray Panel & Paint,New Zealand,,,,M:027  425 8400,6 Yukon Place Hornby South Christchurch 8042,
RDPETR,Rd Petroleum Ltd (Dd),New Zealand,,,,0800 44 00 14,P O Box 1487 Christchurch  8140,
READYL,Readylawn Industries Ltd,New Zealand,Accounts,,accounts@readylawn.co.nz,03 322 8547,340 Halswell Junction Road Halswell Christchurch 8025,
REDPAT,Redpath Pacific Limited,New Zealand,,,,0508 733 728,PO Box 9058 Terrace End Palmerston North 4441,http://redpath.co.nz
RENT-A,Rent-A-Loo (NZ) Ltd,New Zealand,RentALoo,,dakins.group@xtra.co.nz,384 9100,P O Box 19561 Christchurch  ,
REPCOWF,Repco Ltd (Waifor),New Zealand,Credit,,credit@repco.co.nz,,P O Box 1144 Tauranga  3140,
REPCOLWT,Repco Ltd (Waitru),New Zealand,Credit,,credit@repco.co.nz,0800 730619,PO Box 1144 Tauranga  3140,
RESTOR,Restorationz,New Zealand,,,,322 7487,111 Old Tai Tapu Road Kennedys Bush Christchurch ,
RHODOD,Rhododirect,New Zealand,Rhododirect,,rhododirect@slingshot.co.nz,(03) 315 6555,Spring Farm R.D. Rotheram 7379,
RIVERS,Riverside Horticulture Cr,New Zealand,Robyn,,robyn@riversidehort.co.nz,03 313 8734,75 Boys Road Rangiora  ,
ROADME,Road Metals Company Limited,New Zealand,Accounts,,accounts@roadmetals.co.nz,03 347-1366,PO Box 2341 Christchurch  8140,
ROBSON,Robson Environmental Services Ltd,New Zealand,RobsonEnviro,,robsonenviro@xtra.co.nz,349-8871,16 Yukon Place Hornby South Christchurch 8042,
ROCKEA,Rockeater Truck Services Ltd,New Zealand,Tina,,tina@rockeater.co.nz,06 3640940,227 Waitohu Valley Road RD3 Otaki 5583,
ROOFLI,Roofline Canterbury Ltd,New Zealand,Admin,,admin@roofline.co.nz,03 349-8439,PO Box 16302 Hornby Christchurch 8441,
ROSSGA,Ross Galt Lock & Alarm Ltd,New Zealand,,,,365 0298,P O Box 40094 Christchurch  ,
RSTENV,Rst Environmental Solutions (Supplier),New Zealand,Admin,,admin@rst.co.nz,(06) 355 3625,PO Box 2019 Palmerston North  ,
SAFERB,Safe R Brakes (2016) Ltd,New Zealand,Admin,,admin@saferbrakes.co.nz,03 3796140,P O Box 10243 Christchurch  ,
SAFETY,Safety N Action,New Zealand,Receivables,,receivables@safetynaction.co.nz,09 414 5944,PO Box 35-936 Browns Bay Auckland 753,
SCAFFO,Scaffolding Innovations Ltd,New Zealand,Info,,info@scaffoldingauckland.com,0800  869 377,PO Box 131090 Onehunga Auckland 1643,
SEA2LA,Sea 2 Land Upholstery Limited,New Zealand,,,,M:0276 575 668,   ,
SECURI,Security Matters Christchurch Ltd,New Zealand,Info,,info@securitymatters.net.nz,0800 246 111,155 Barrington Street Somerfield Christchurch 8024,
SEEKNZ,Seek (NZ) Limited *Due 14 Days*,New Zealand,Remittance,,remittance@seek.co.nz,0508 733 569,Locked Box 302328 North Harbour Auckland 751,
SHAMRO,Shamrock Industries,New Zealand,sales,,sales@shamrock.co.nz,64 3 3657906,PO Box 10219 Phillipstown Christchurch 8145,http://www.shamrock.co.nz
SHANDS,Shands Outdoor Power,New Zealand,Info,,info@shands.co.nz,3498955,PO Box 16-163 Christchurch  8441,
SHEFFTR,Sheffield Crescent Auto Centre 2014 Limited (Trust),New Zealand,SheffieldAuto,,sheffieldcauto@xtra.co.nz,03 3585580,12 Sheffield Crescent Burnside Christchurch 8053,http://sheffieldauto.co.nz
SHEFFIWF,Sheffield Crescent Auto Centre 2014 Ltd (Wfl),New Zealand,SheffieldAuto,,sheffieldcauto@xtra.co.nz,03 358 5580,12 Sheffield Crescent Burnside Christchurch 8053,http://www.sheffieldcauto.co.nz
SHEFFPP,Sheffield Crescent Panel & Paint,New Zealand,SheffieldPanel,,gtiney@xtra.co.nz,358 7165,P O Box 39006 Christchurch  ,
SHELYR,Shelyron Fabrication Limited,New Zealand,,,,,409 Springbank Road RD 1 Rangiora 7471,
SIGNBI,Signbiz Limited,New Zealand,Accounts,,accounts@signbiz.co.nz,03 385 7857,PO Box 35006 Christchurch  ,http://www.signbiz.co.nz
SITESA,Site Safe NZ Inc,New Zealand,TheTeam,,theteam@sitesafe.org.nz,(04) 499 2509,P O Box 9445 Wellington  ,
SMITHH,Smiths Hire,New Zealand,SmithHire,,smithshire@xtra.co.nz,,1190 Main North Road Christchurch  ,
SMITHWF,Smiths Mitre 10 (Waifor),New Zealand,Accounts,,ar.smiths@mitre10.co.nz,344 2725 A/C'S,P O Box 16 323 Christchurch  ,
SMITHSWT,Smiths Mitre 10 (Waitru),New Zealand,Accounts,,ar.smiths@mitre10.co.nz,344 2725 A/C'S,P O Box 16 323 Christchurch  ,
SOUTHAG,South Island Agricultural Field Days Incorporated,New Zealand,,,,03 318 1845,PO Box 173 Kirwee  7543,
SOUTHFL,South Island Forklifts Ltd,New Zealand,Admin,,admin@siforklifts.co.nz,03 348-2060,PO Box 2383 Christchurch  8140,
SOUTHP,South Pacific Roses Ltd,New Zealand,SPRoses,,sprn2@callplus.net.nz,349 6458,780 Shands Road RD 6 Christchurch ,
SOUTHBM,Southern Business Machines,New Zealand,Accounts,,accounts@sbm.co.nz,03 3776776,PO Box 45 Christchurch  8140,http://www.sbm.co.nz
SOUTHHRT,Southern Horticultural Products Ltd T/A Intelligro,New Zealand,Accounts,,accounts@igro.co.nz,03 347 9415,261 Manion Rd Weedons  RD 7 Christchurch 7677,
SOUTHWD,Southern Woods Nursery Ltd (Supplier),New Zealand,Admin,,admin@southernwoods.co.nz,,P O  Box 16 148 Hornby Christchurch 8441,
SOUTHS,Southshore Wire & Mesh,New Zealand,Southshore,,grieve.rnd@gmail.com,"(03) 324 4031, M:027 7771354",   ,
SPARKN,Spark New Zealand Trading Ltd (Dd),New Zealand,,,,126,Private Bag 4742 Christchurch  8140,http://www.spark.co.nz
SPRAYM,Spray Marks Traffic,New Zealand,Admin,,admin@spraymarks.co.nz,chch 349 8817,P O Box 3 Ashburton  7740,
STARME,Star Media,New Zealand,Accounts,,accounts@starmedia.kiwi,379 7100,P O Box 1467 Christchurch  8140,
STEELT,Steel & Tube Holdings Ltd,New Zealand,Remittance,,remittance@steelandtube.co.nz,(09) 273 7645,P O Box 30543 Lower Hutt  ,
STEVET,Steve Thiele Limited,New Zealand,Steve,,steveandjennythiele@gmail.com,,"2 McLean Drive Leithfield, RD1 Amberley ",
SUB5PR,Sub 5 Private Security Limited,New Zealand,Accounts,,accounts@sub5.co.nz,356 1200,P O Box 6400 Upper Riccarton Christchurch 8442,
SUCKIT,Suck It Up Ltd,New Zealand,SIU,,suckitupltd@gmail.com,M:027 5888809,500 Coutts Island Road RD 1 Belfast 7670,
SUNSHI,Sunshine Environmentals,New Zealand,Sales,,sales@sunshineenvironmentals.co.nz,(06) 357 4043,P O Box 5029 Palmerston North  ,
SUSANN,Susanna Blakely **7 Days**,New Zealand,Susanna,Blakely,susannajblakely@gmail.com,M:027 8998168,111 Old Tai Tapu Road Kennedys Bush Christchurch 8025,
SWAINS,Swains Kiwi Kerb Ltd,New Zealand,,,,03 9801123,PO Box 27136 Shirley Christchurch 8640,
TAGGAR,Taggart Earthmoving Ltd Cr,New Zealand,Taggart,,taggart@taggart.net.nz,323 7085,P O Box 76172 Northwood Christchurch ,
TAKANA,Takana Native Trees Ltd,New Zealand,,,,,51 Sylvan Avenue Northcote Auckland 627,
TAYLOR,Taylor SM & LP,New Zealand,Stew,,stew-lou@xtra.co.nz,03 352-0058,32 Ruby Avenue Northwood Christchurch ,
TEAMSP,Team Sports Surfaces Limited (Supplier),New Zealand,,,,0508 836 647,PO Box 37601 Parnell Auckland 1151,
TECHWA,Tech Warehouse Limited,New Zealand,sales,,sales@techwarehouse.co.nz,09 972 9389,PO Box 933 Pukekohe Pukekohe 2340,
TEDDIN,Teddington Quarry Ltd,New Zealand,Info,,info@teddingtonquarry.co.nz,M:027 287 6646,PO Box 28 138 Beckenham Christchurch 8242,
TELFER,Telferyoung (Canterbury) Limited,New Zealand,,,,(03)  379-7960,PO Box 2532 Christchurch Christchurch 8140,
TERRAN,Terranota Limited,New Zealand,,,,(03) 215 8258,P O Box 1703 Invercargill  9840,
TESTAN,Test And Tag Training,New Zealand,Accounts,,accounts@portableappliancetesters.co.nz,0800 111780,PO Box 106767 Auckland City Auckland 1143,
TEXTUR,Texture Plants Limited Cr,New Zealand,Admin,,admin@textureplants.co.nz,03 349 7296,P O Box 111-86 Sockburn Christchurch ,
THEDRU,The Drug Detection Agency Canterbury Ltd,New Zealand,Accounts,,accounts.christchurch@tdda.com,354 5352,PO Box 20469 Bishopdale Christchurch ,
THEEAR,The Earthcare Foundation,New Zealand,Rob,Blakely,theearthcarefoundation@gmail.com,M:021 2493209,111 Old Tai Tapu Road Kennedys Bush Christchurch 8025,
THEGOR,The Gorge Nursery Ltd,New Zealand,Info,,info@thegorgenursery.co.nz,,479 Ashley Gorge Road RD Oxford Christchurch ,
THEIRR,The Irrigation Warehouse Ltd,New Zealand,Lynne,,lynne@tiw.co.nz,341 8601,P O Box 9120 Tower Junction Christchurch ,
THEJOB,The Job Agency Limited (Used Bartercard To Pay),New Zealand,,,,03 961-5050,PO Box 1879 Christchurch  8140,
THELIT,The Little Big Tree Company Cr,New Zealand,Office,,office@littlebigtree.co.nz,359 7100,P O Box 20 120 Bishopdale Christchurch ,
THEMED,The Media Clearing House Limited,New Zealand,Tony,Clark,accounts@mediaclearinghouse.co.nz,03 943 2181,PO Box 30011 Barrington Christchurch 8244,
THENAK,The Naked Baker ** 7 Days **,New Zealand,,,,03 383 2393,142 Beach Road North New Brighton Christchurch 8083,
THENAT,The Native Plant Centre Ltd,New Zealand,Info,,info@nznativeplants.co.nz,(09) 415 7419,"35 Sunnyside Road Coatesville, RD 3 Albany Auckland ",
THEREF,The Reference Publishing Comp.,New Zealand,RefPub,,refpub@nursery.net.nz,09 358 2749,P O Box 26 269 Epsom Auckland 1344,
THETYR,The Tyre General,New Zealand,Admin,,admin@tyregeneral.co.nz,03 348-8422,PO Box 11230 Sockburn Christchurch 8443,http://tyregeneral.co.nz
THIRDF,Third Floor Ventures Ltd,New Zealand,Accounts,,accounts@conservationjobs.co.nz,,P O Box 343 Silverdale  ,
THIRKE,Thirkettle Nurseries,New Zealand,Accounts,,accounts@thirkettlenurseries.co.nz,,"230 Patons Rd Hope, RD1 Richmond 7081",
TOPMAQ,Topmaq,New Zealand,,,,,32 Hammersmith Drive Wigram Christchurch 8042,
TRADEM,Trade Me Purchases,New Zealand,,,,,Online purchases   ,
TRADES,Tradestaff Group Ltd **7 Days**,New Zealand,,,,377 5907,P O Box 36 Christchurch  ,
TRANSQ,Transquip (Supplier),New Zealand,Accounts,,accounts@transquip.co.nz,344 3131,P O Box 16087 Hornby Christchurch ,
TREESF,Trees For Canterbury Cr,New Zealand,,,,332 8586,42 Charlesworth Street Ferrymead Christchurch ,
TRENTS,Trents Nursery (2011) Ltd ** 7 Day A/C**,New Zealand,,,,349 1303,382 Trents Road R D 6     Prebbleton Christchurch ,
UNDERG,Underground Service Locators,New Zealand,Accounts,,accounts@undergroundlocators.co.nz,0800 425 622,PO Box 19148 Courtenay Place Wellington 6149,
UNITED,United Fisheries Ltd,New Zealand,Mail,,mail@unitedfisheries.co.nz,343 0587,PO Box 11288 Sockburn Christchurch 8443,
UNIVER,University Of Canterbury (Supplier),New Zealand,Enrol,,enrol@canterbury.ac.nz,0800 827 748,Private Bag 4800 Christchurch  8140,
UNREAL,Unreal Grass Limited (DD) **7 Days Folder**,New Zealand,Baz,Woodcock (sales mngr),,M:027 7744660,"Flat 5, 9 Noel Rodgers Place Milson Palmerston North 4414",
URBANG,Urban Group,New Zealand,Admin,,admin@urbangroup.co.nz,0800 803362,PO Box 1136 Levin  5540,
URBANP,Urban Paving (2005) Ltd,New Zealand,Claire,,claire@urbanpaving.co.nz,359 8625,P O Box 20 298 Bishopdale Christchurch ,
VALSPA,Valspar Paint (NZ) Limited,New Zealand,NZAccounts,,nzaccounts.receivable@valspar.com,0800 282667,PO Box 1545 Shortland Street Auckland 1140,http://www.wattyl.co.nz
VALTEX,Valtex Horticultural Products,New Zealand,Valtex,,ritex@ritex.co.nz,03 5471188,115 Bolt Road Tahunanui Nelson 7011,
VEHICINS,Vehicle Inspection Centre,New Zealand,VIC,,4wofs@xtra.co.nz,357 0911,580 Wairakei Road Harewood Christchurch 8053,
VEHICLWF,Vehicle Inspection NZ Ltd (Waifor),New Zealand,Accounts,,accounts@vinz.co.nz,(09) 580 3170 Tui,"Chch Airport H/O = P O Box 14 149, Panmure Auckland 1741",
VEHICLWT,Vehicle Inspection NZ Ltd (Waitru),New Zealand,Accounts,,accounts@vinz.co.nz,(09) 580 3170 Tui,"Chch Airport H/O = P O Box 14 149, Panmure Auckland 1741",
VERNON,Vernon & Vazey Truck Parts (SI) Ltd,New Zealand,,,,64 3 3431631,PO Box 1296 Sydenham Christchurch 8140,
VIBRAN,Vibrant Earth Ltd,New Zealand,Plants,,plants@vibrantearth.co.nz,(03) 544 8087,379 Main Road Hope Nelson ,
VIVIAW,Vivia Ward,New Zealand,Vivia,Ward,lundubh@gmail.com,M:027 6939143,4 Inverell Place North New Brighton Christchurch 8083,
VODAFO,Vodafone,New Zealand,,,,,20 Viaduct Harbour Ave Auckland 1010  ,
VOLUNT,Volunteering Canterbury,New Zealand,MGR,,mgr@volcan.org.nz,03 3662442,301 Tuam Street  Christchurch ,
WAIMEA,Waimea Truck And Crane Ltd,New Zealand,,,,03 544-6061,PO Box 3228 Richmond Richmond 7050,
WAIORINV,Wai-Ora Internal Invoices (Supplier),New Zealand,,,,,48 Watsons Road Harewood Christchurch ,
WAIORBLL,Wai-Ora Trust (Bills) ** 7 Days **,New Zealand,Wyn,,wyn@waioratrust.org.nz,,48 Watsons Road Harewood Christchurch ,
WAIWHE,Waiwhetu Distributors Ltd,New Zealand,Accounts,,accounts@waiwhetu.co.nz,0800 55 33 69,P O Box 38 125 Wellington Mail Centre  ,
WALKER,Walker Industries (2019) Ltd,New Zealand,sales,,sales@hang-it.co.nz,64 3 3669966,PO Box 16245 Hornby Christchurch 8441,
WAREHO,Warehouse Stationery,New Zealand,Debtors,,debtors@stationery.co.nz,0800 222 246,P O Box 9429 Newmarket Auckland ,
WASTEM,Waste Management NZ Ltd (Supplier),New Zealand,Remittance,,remittance@wastemanagement.co.nz,0800 222 431,PO Box 11337 Sockburn Christchurch 8443,
WATERF,Waterforce Ltd (Supplier),New Zealand,Waterforce,,christchurch@waterforce.co.nz,349 2605,P O Box 31 069 Ilam Christchurch ,
WATERRAN,Waterforce Rangiora,New Zealand,Rangiora,,rangiora@waterforce.co.nz,03 3107550,PO Box 717 Rangiora Rangiora 7440,
WATERFRD,Waterford Press Ltd,New Zealand,Accounts,,accounts@waterfordpress.co.nz,983 5500,P O Box 37 346 Christchurch  8245,
WATSON,Watson Mechanical Ltd,New Zealand,,,,358 7194,3/11 Homersham Place Christchurch  8053,
WESTPO,Westport Hire And Power Equipment Centre,New Zealand,Accounts,,accounts@westporthire.co.nz,03 7895038,294 Palmerston Street Westport  7825,
WHITET,White & Taylor (2010) Limited,New Zealand,Admin,,admin@whiteandtaylor.co.nz,379-6151,Riccarton Christchurch  8440,
WILLOW,Willowbank Wildlife Reserve (Supplier),New Zealand,Info,,info@willowbank.co.nz,03 3596226,60 Hussey Road Northwood Christchurch 8051,
WOODEN,Woodend Nurseries,New Zealand,Office,,office@woodendnursery.co.nz,(03) 312 7260,P O Box 7 Woodend  7641,
WORKPL,Workplace Safety Supplies Ltd - Safety,New Zealand,Accounts,,accounts@workplacesafety.net.nz,366 6066,P O Box 27 152 Shirley Christchurch 8640,
YELLOW,Yellow Pages Group Ltd,New Zealand,,,,0800 803 803,P O Box 17345 Greenlane Auckland 1546,
